이름,URL
HYUN),https://cdnimg.melon.co.kr/cm2/artistcrop/images/006/72/859/672859_20230707114952.jpg/melon/thumbnail/320x300
IVE (아이브),https://cdnimg.melon.co.kr/cm2/artistcrop/images/030/55/146/3055146_20240426115008.jpg/melon/thumbnail/320x300
박서준,https://cdnimg.melon.co.kr/cm/artistcrop/images/006/49/813/649813.jpg/melon/thumbnail/320x300
이준형,https://cdnimg.melon.co.kr/cm2/artistcrop/images/027/49/174/2749174_20230623151429.jpg/melon/thumbnail/320x300
쿠기 (Coogie),https://cdnimg.melon.co.kr/cm2/artistcrop/images/021/11/694/2111694_20230913105320.jpg/melon/thumbnail/320x300
로꼬,https://cdnimg.melon.co.kr/cm2/artistcrop/images/006/88/432/688432_20201014150323.jpg/melon/thumbnail/320x300
한요한,https://cdnimg.melon.co.kr/cm2/artistcrop/images/007/16/984/716984_20240422104110.jpg/melon/thumbnail/320x300
키드밀리 (Kid Milli),https://cdnimg.melon.co.kr/cm2/artistcrop/images/008/73/162/873162_20230530151627.jpg/melon/thumbnail/320x300
우원재,https://cdnimg.melon.co.kr/cm2/artistcrop/images/018/66/689/1866689_20221124114330.jpg/melon/thumbnail/320x300
저스디스 (JUSTHIS),https://cdnimg.melon.co.kr/cm2/artistcrop/images/007/86/499/786499_20220722171049.jpg/melon/thumbnail/320x300
JAEHA (재하),https://cdnimg.melon.co.kr/cm2/artistcrop/images/028/62/839/2862839_20230724173256.jpg/melon/thumbnail/320x300
호미들,https://cdnimg.melon.co.kr/cm2/artistcrop/images/027/54/623/2754623_20201214142344.jpg/melon/thumbnail/320x300
CK,https://cdnimg.melon.co.kr/cm2/artistcrop/images/027/54/650/2754650_20201214131900.jpg/melon/thumbnail/320x300
Louie,https://cdnimg.melon.co.kr/cm2/artistcrop/images/027/53/718/2753718_20201214131704.jpg/melon/thumbnail/320x300
Chin,https://cdnimg.melon.co.kr/cm2/artistcrop/images/027/54/651/2754651_20201214132055.jpg/melon/thumbnail/320x300
Skinny Brown,https://cdnimg.melon.co.kr/cm2/artistcrop/images/022/98/855/2298855_20230612181116.jpg/melon/thumbnail/320x300
Gist,https://cdnimg.melon.co.kr/cm2/artistcrop/images/026/35/191/2635191_20220121162731.jpg/melon/thumbnail/320x300
스카이민혁 (Skyminhyuk),https://cdnimg.melon.co.kr/cm2/artistcrop/images/027/40/973/2740973_20230927173619.jpg/melon/thumbnail/320x300
PATEKO (파테코),https://cdnimg.melon.co.kr/cm2/artistcrop/images/027/50/866/2750866_20220303134059.jpg/melon/thumbnail/320x300
Jayci yucca (제이씨 유카),https://cdnimg.melon.co.kr/cm2/artistcrop/images/021/12/746/2112746_20230703161847.jpg/melon/thumbnail/320x300
Kid Wine,https://cdnimg.melon.co.kr/cm2/artistcrop/images/009/14/277/914277_20220902144412.jpg/melon/thumbnail/320x300
TimeFeveR (타임피버),https://cdnimg.melon.co.kr/cm2/artistcrop/images/027/42/307/2742307_20231013135026.jpg/melon/thumbnail/320x300
네미시스,https://cdnimg.melon.co.kr/cm/artistcrop/images/001/61/201/161201.jpg/melon/thumbnail/320x300
맥거핀 (MGFF),https://cdnimg.melon.co.kr/cm2/artistcrop/images/012/29/340/1229340_20240325164151.jpg/melon/thumbnail/320x300
달담,https://cdnimg.melon.co.kr/cm2/artistcrop/images/027/64/817/2764817_20230622101218.jpg/melon/thumbnail/320x300
현서 (HYUN SEO),https://cdnimg.melon.co.kr/cm2/artistcrop/images/029/74/352/2974352_20240520094840.jpg/melon/thumbnail/320x300
김아름,https://cdnimg.melon.co.kr/cm2/artistcrop/images/006/84/670/684670_20230526161024.jpg/melon/thumbnail/320x300
위수 (WISUE),https://cdnimg.melon.co.kr/cm2/artistcrop/images/012/03/737/1203737_20230622151419.jpg/melon/thumbnail/320x300
휘인 (Whee In),https://cdnimg.melon.co.kr/cm2/artistcrop/images/007/56/533/756533_20231012143849.jpg/melon/thumbnail/320x300
aespa,https://cdnimg.melon.co.kr/cm2/artistcrop/images/028/99/555/2899555_20240524121050.jpg/melon/thumbnail/320x300
춘길,https://cdnimg.melon.co.kr/cm2/artistcrop/images/031/82/594/3182594_20230112145928.jpg/melon/thumbnail/320x300
모세,https://cdnimg.melon.co.kr/cm2/artistcrop/images/001/65/535/165535_20220222162202.jpg/melon/thumbnail/320x300
Bump2Soul,https://cdnimg.melon.co.kr/cm2/artistcrop/images/036/16/563/3616563_20240305105615.jpg/melon/thumbnail/320x300
Soul delivery,https://cdnimg.melon.co.kr/cm2/artistcrop/images/030/68/764/3068764_20230810182447.jpg/melon/thumbnail/320x300
예빛,https://cdnimg.melon.co.kr/cm2/artistcrop/images/026/31/355/2631355_20231228120029.jpg/melon/thumbnail/320x300
I.M (아이엠),https://cdnimg.melon.co.kr/cm2/artistcrop/images/008/37/032/837032_20240325112047.jpg/melon/thumbnail/320x300
다섯 (Dasutt),https://cdnimg.melon.co.kr/cm/artistcrop/images/012/29/977/1229977.jpg/melon/thumbnail/320x300
마치 (MRCH),https://cdnimg.melon.co.kr/cm2/artistcrop/images/027/42/395/2742395_20240116140705.jpg/melon/thumbnail/320x300
CNBLUE (씨엔블루),https://cdnimg.melon.co.kr/cm2/artistcrop/images/004/50/801/450801_20211019182253.jpg/melon/thumbnail/320x300
I'll (아일),https://cdnimg.melon.co.kr/cm2/artistcrop/images/020/06/292/2006292_20230823150158.jpg/melon/thumbnail/320x300
오월오일 ( 五月五日 ),https://cdnimg.melon.co.kr/cm2/artistcrop/images/027/43/985/2743985_20231103144446.jpg/melon/thumbnail/320x300
원위 (ONEWE),https://cdnimg.melon.co.kr/cm2/artistcrop/images/022/98/862/2298862_20240417142403.jpg/melon/thumbnail/320x300
장기하,https://cdnimg.melon.co.kr/cm2/artistcrop/images/006/11/343/611343_20220211161048.jpg/melon/thumbnail/320x300
죠지,https://cdnimg.melon.co.kr/cm2/artistcrop/images/007/90/830/790830_20230406144114.jpg/melon/thumbnail/320x300
creespy,https://cdnimg.melon.co.kr/cm2/artistcrop/images/030/48/446/3048446_20230516145400.jpg/melon/thumbnail/320x300
키드밀리 (Kid Milli),https://cdnimg.melon.co.kr/cm2/artistcrop/images/008/73/162/873162_20230530151627.jpg/melon/thumbnail/320x300
Tabber,https://cdnimg.melon.co.kr/cm2/artistcrop/images/007/91/484/791484_20230801113823.jpg/melon/thumbnail/320x300
한요한,https://cdnimg.melon.co.kr/cm2/artistcrop/images/007/16/984/716984_20240422104110.jpg/melon/thumbnail/320x300
FTISLAND (FT아일랜드),https://cdnimg.melon.co.kr/cm2/artistcrop/images/002/26/490/226490_20230907133634.jpg/melon/thumbnail/320x300
Hi-Fi Un!corn,https://cdnimg.melon.co.kr/cm2/artistcrop/images/034/67/455/3467455_20240603171245.jpg/melon/thumbnail/320x300
소수빈,https://cdnimg.melon.co.kr/cm2/artistcrop/images/007/15/573/715573_20240422112706.jpg/melon/thumbnail/320x300
신지훈,https://cdnimg.melon.co.kr/cm2/artistcrop/images/007/18/041/718041_20221124182543.jpg/melon/thumbnail/320x300
로이킴,https://cdnimg.melon.co.kr/cm2/artistcrop/images/006/99/632/699632_20240304182807.jpg/melon/thumbnail/320x300
엔플라잉 (N.Flying),https://cdnimg.melon.co.kr/cm2/artistcrop/images/008/61/430/861430_20221017195927.jpg/melon/thumbnail/320x300
정준일,https://cdnimg.melon.co.kr/cm/artistcrop/images/002/42/988/242988.jpg/melon/thumbnail/320x300
채무자들,https://cdnimg.melon.co.kr/cm2/artistcrop/images/030/74/520/3074520_20230731103621.jpg/melon/thumbnail/320x300
최유리,https://cdnimg.melon.co.kr/cm2/artistcrop/images/026/45/970/2645970_20240318180831.jpg/melon/thumbnail/320x300
카더가든,https://cdnimg.melon.co.kr/cm2/artistcrop/images/007/35/506/735506_20230913155515.jpg/melon/thumbnail/320x300
폴킴,https://cdnimg.melon.co.kr/cm2/artistcrop/images/007/52/425/752425_20231218182329.jpg/melon/thumbnail/320x300
후이,https://cdnimg.melon.co.kr/cm2/artistcrop/images/009/91/770/991770_20240115160851.jpg/melon/thumbnail/320x300
92914,https://cdnimg.melon.co.kr/cm2/artistcrop/images/013/82/339/1382339_20240422155259.jpg/melon/thumbnail/320x300
Ruru (루루),https://cdnimg.melon.co.kr/cm2/artistcrop/images/029/64/104/2964104_20230503173636.jpg/melon/thumbnail/320x300
IOHBOY (아이오보이),https://cdnimg.melon.co.kr/cm2/artistcrop/images/027/48/293/2748293_20220429150330.jpg/melon/thumbnail/320x300
CNBLUE (씨엔블루),https://cdnimg.melon.co.kr/cm2/artistcrop/images/004/50/801/450801_20211019182253.jpg/melon/thumbnail/320x300
UVERworld,https://cdnimg.melon.co.kr/cm2/artistcrop/images/004/01/584/401584_20191203154651.jpg/melon/thumbnail/320x300
Red C,https://cdnimg.melon.co.kr/cm2/artistcrop/images/028/55/009/2855009_20240621133256.jpg/melon/thumbnail/320x300
(여자)아이들,https://cdnimg.melon.co.kr/cm2/artistcrop/images/021/37/482/2137482_20240118154521.jpg/melon/thumbnail/320x300
카이 (Kai),https://cdnimg.melon.co.kr/cm/artistcrop/images/004/41/543/441543.jpg/melon/thumbnail/320x300
creespy,https://cdnimg.melon.co.kr/cm2/artistcrop/images/030/48/446/3048446_20230516145400.jpg/melon/thumbnail/320x300
AliA,https://cdnimg.melon.co.kr/cm2/artistcrop/images/029/69/438/2969438_20231017163317.jpg/melon/thumbnail/320x300
cotoba (코토바),https://cdnimg.melon.co.kr/cm2/artistcrop/images/027/41/938/2741938_20231026095204.jpg/melon/thumbnail/320x300
전자양,https://cdnimg.melon.co.kr/cm2/artistcrop/images/000/11/046/11046_20211116165342.jpg/melon/thumbnail/320x300
태비 (Taeb2),https://cdnimg.melon.co.kr/cm2/artistcrop/images/026/45/491/2645491_20231208140840.jpg/melon/thumbnail/320x300
소란 (SORAN),https://cdnimg.melon.co.kr/cm2/artistcrop/images/004/93/280/493280_20231205110028.jpg/melon/thumbnail/320x300
Tuesday Beach Club,https://cdnimg.melon.co.kr/cm2/artistcrop/images/030/69/452/3069452_20240617135736.jpg/melon/thumbnail/320x300
킹스턴 루디스카,https://cdnimg.melon.co.kr/cm/artistcrop/images/001/85/271/185271.jpg/melon/thumbnail/320x300
나날(NaaNaL),https://cdnimg.melon.co.kr/cm2/artistcrop/images/030/95/508/3095508_20220922104412.jpg/melon/thumbnail/320x300
김현창,https://cdnimg.melon.co.kr/cm2/artistcrop/images/019/56/911/1956911_20210524115755.jpg/melon/thumbnail/320x300
그_냥,https://cdnimg.melon.co.kr/cm2/artistcrop/images/008/75/308/875308_20230906143736.jpg/melon/thumbnail/320x300
유키스,https://cdnimg.melon.co.kr/cm2/artistcrop/images/002/59/928/259928_20230628115250.jpg/melon/thumbnail/320x300
일레인,https://cdnimg.melon.co.kr/cm2/artistcrop/images/007/85/350/785350_20240226154929.jpg/melon/thumbnail/320x300
변진섭,https://cdnimg.melon.co.kr/cm/artistcrop/images/000/01/128/1128.jpg/melon/thumbnail/320x300
생각의 여름,https://cdnimg.melon.co.kr/cm2/artistcrop/images/004/33/105/433105_20210106165944.jpg/melon/thumbnail/320x300
박경환,https://cdnimg.melon.co.kr/cm/artistcrop/images/006/75/833/675833.jpg/melon/thumbnail/320x300
Kazumi Tateishi Trio,https://cdnimg.melon.co.kr/cm2/artistcrop/images/004/98/353/498353_20210721104824.jpg/melon/thumbnail/320x300
차우주,https://cdnimg.melon.co.kr/cm2/artistcrop/images/028/63/495/2863495_20220629155426.jpg/melon/thumbnail/320x300
초승 (CHOSNG),https://cdnimg.melon.co.kr/cm2/artistcrop/images/028/92/130/2892130_20230811111259.jpg/melon/thumbnail/320x300
박장현 (VROMANCE),https://cdnimg.melon.co.kr/cm2/artistcrop/images/005/91/712/591712_20220211180519.jpg/melon/thumbnail/320x300
찬민 (CHANMIN),https://cdnimg.melon.co.kr/cm2/artistcrop/images/030/81/836/3081836_20240216103222.jpg/melon/thumbnail/320x300
모스크바서핑클럽,https://cdnimg.melon.co.kr/cm2/artistcrop/images/029/22/108/2922108_20231121174256.jpg/melon/thumbnail/320x300
ddbb,https://cdnimg.melon.co.kr/cm2/artistcrop/images/033/04/714/3304714_20240202134735.jpg/melon/thumbnail/320x300
Christopher,https://cdnimg.melon.co.kr/cm2/artistcrop/images/007/92/215/792215_20210910101121.jpg/melon/thumbnail/320x300
공중그늘,https://cdnimg.melon.co.kr/cm2/artistcrop/images/021/10/695/2110695_20221108091027.jpg/melon/thumbnail/320x300
버둥,https://cdnimg.melon.co.kr/cm2/artistcrop/images/008/89/920/889920_20220830103750.jpg/melon/thumbnail/320x300
Mina Okabe,https://cdnimg.melon.co.kr/cm2/artistcrop/images/028/99/158/2899158_20230324175722.jpg/melon/thumbnail/320x300
악퉁,https://cdnimg.melon.co.kr/cm2/artistcrop/images/002/46/067/246067_20210416124807.jpg/melon/thumbnail/320x300
더베인 (THE VANE),https://cdnimg.melon.co.kr/cm2/artistcrop/images/009/13/031/913031_20240304095208.jpg/melon/thumbnail/320x300
추승엽,https://cdnimg.melon.co.kr/cm/artistcrop/images/000/13/846/13846.jpg/melon/thumbnail/320x300
채보훈 (THE VANE),https://cdnimg.melon.co.kr/cm2/artistcrop/images/037/19/801/3719801_20240229183945.jpg/melon/thumbnail/320x300
강성희,https://cdnimg.melon.co.kr/cm/artistcrop/images/021/89/436/2189436.jpg/melon/thumbnail/320x300
은송,https://cdnimg.melon.co.kr/cm2/artistcrop/images/027/45/347/2745347_20240223172334.jpg/melon/thumbnail/320x300
Kniit (니트),https://cdnimg.melon.co.kr/cm2/artistcrop/images/024/00/851/2400851_20231013173347.jpg/melon/thumbnail/320x300
Aiino (아이노),https://cdnimg.melon.co.kr/cm2/artistcrop/images/028/97/995/2897995_20240311172304.jpg/melon/thumbnail/320x300
PIETA (피에타),https://cdnimg.melon.co.kr/cm2/artistcrop/images/009/58/739/958739_20240409173207.jpg/melon/thumbnail/320x300
신인류,https://cdnimg.melon.co.kr/cm2/artistcrop/images/022/98/840/2298840_20230707162934.jpg/melon/thumbnail/320x300
희도,https://cdnimg.melon.co.kr/cm2/artistcrop/images/007/77/883/777883_20240626134844.jpg/melon/thumbnail/320x300
이특 (LEETEUK),https://cdnimg.melon.co.kr/cm2/artistcrop/images/005/17/700/517700_20240611175219.jpg/melon/thumbnail/320x300
쿠기 (Coogie),https://cdnimg.melon.co.kr/cm2/artistcrop/images/021/11/694/2111694_20230913105320.jpg/melon/thumbnail/320x300
로꼬,https://cdnimg.melon.co.kr/cm2/artistcrop/images/006/88/432/688432_20201014150323.jpg/melon/thumbnail/320x300
한요한,https://cdnimg.melon.co.kr/cm2/artistcrop/images/007/16/984/716984_20240422104110.jpg/melon/thumbnail/320x300
키드밀리 (Kid Milli),https://cdnimg.melon.co.kr/cm2/artistcrop/images/008/73/162/873162_20230530151627.jpg/melon/thumbnail/320x300
우원재,https://cdnimg.melon.co.kr/cm2/artistcrop/images/018/66/689/1866689_20221124114330.jpg/melon/thumbnail/320x300
저스디스 (JUSTHIS),https://cdnimg.melon.co.kr/cm2/artistcrop/images/007/86/499/786499_20220722171049.jpg/melon/thumbnail/320x300
JAEHA (재하),https://cdnimg.melon.co.kr/cm2/artistcrop/images/028/62/839/2862839_20230724173256.jpg/melon/thumbnail/320x300
호미들,https://cdnimg.melon.co.kr/cm2/artistcrop/images/027/54/623/2754623_20201214142344.jpg/melon/thumbnail/320x300
CK,https://cdnimg.melon.co.kr/cm2/artistcrop/images/027/54/650/2754650_20201214131900.jpg/melon/thumbnail/320x300
Louie,https://cdnimg.melon.co.kr/cm2/artistcrop/images/027/53/718/2753718_20201214131704.jpg/melon/thumbnail/320x300
Chin,https://cdnimg.melon.co.kr/cm2/artistcrop/images/027/54/651/2754651_20201214132055.jpg/melon/thumbnail/320x300
Skinny Brown,https://cdnimg.melon.co.kr/cm2/artistcrop/images/022/98/855/2298855_20230612181116.jpg/melon/thumbnail/320x300
Gist,https://cdnimg.melon.co.kr/cm2/artistcrop/images/026/35/191/2635191_20220121162731.jpg/melon/thumbnail/320x300
스카이민혁 (Skyminhyuk),https://cdnimg.melon.co.kr/cm2/artistcrop/images/027/40/973/2740973_20230927173619.jpg/melon/thumbnail/320x300
PATEKO (파테코),https://cdnimg.melon.co.kr/cm2/artistcrop/images/027/50/866/2750866_20220303134059.jpg/melon/thumbnail/320x300
Jayci yucca (제이씨 유카),https://cdnimg.melon.co.kr/cm2/artistcrop/images/021/12/746/2112746_20230703161847.jpg/melon/thumbnail/320x300
Kid Wine,https://cdnimg.melon.co.kr/cm2/artistcrop/images/009/14/277/914277_20220902144412.jpg/melon/thumbnail/320x300
코요태,https://cdnimg.melon.co.kr/cm2/artistcrop/images/001/00/022/100022_20230712103032.jpg/melon/thumbnail/320x300
지누션,https://cdnimg.melon.co.kr/cm/artistcrop/images/001/00/054/100054.jpg/melon/thumbnail/320x300
디바,https://cdnimg.melon.co.kr/cm/artistcrop/images/001/00/028/100028.jpg/melon/thumbnail/320x300
소찬휘,https://cdnimg.melon.co.kr/cm/artistcrop/images/000/03/897/3897.jpg/melon/thumbnail/320x300
김현정,https://cdnimg.melon.co.kr/cm/artistcrop/images/000/01/177/1177.jpg/melon/thumbnail/320x300
이재원,https://cdnimg.melon.co.kr/cm2/artistcrop/images/000/01/584/1584_20240527152816.jpg/melon/thumbnail/320x300
왁스,https://cdnimg.melon.co.kr/cm/artistcrop/images/000/02/267/2267.jpg/melon/thumbnail/320x300
스페이스 에이,https://cdnimg.melon.co.kr/cm/artistcrop/images/001/00/063/100063.jpg/melon/thumbnail/320x300
MC 스나이퍼,https://cdnimg.melon.co.kr/cm/artistcrop/images/000/07/560/7560.jpg/melon/thumbnail/320x300
현진영,https://cdnimg.melon.co.kr/cm/artistcrop/images/000/05/083/5083.jpg/melon/thumbnail/320x300
춘자 (春子),https://cdnimg.melon.co.kr/cm/artistcrop/images/001/61/092/161092.jpg/melon/thumbnail/320x300
박준하,https://cdnimg.melon.co.kr/cm2/artistcrop/images/027/45/532/2745532_20240626133611.jpg/melon/thumbnail/320x300
이바다,https://cdnimg.melon.co.kr/cm2/artistcrop/images/008/60/753/860753_20240424164246.jpg/melon/thumbnail/320x300
오담률,https://cdnimg.melon.co.kr/cm2/artistcrop/images/021/11/772/2111772_20230810135456.jpg/melon/thumbnail/320x300
잭킹콩 (JKC),https://cdnimg.melon.co.kr/cm2/artistcrop/images/026/20/722/2620722_20230519100446.jpg/melon/thumbnail/320x300
시인을 위하여,https://cdnimg.melon.co.kr/cm2/artistcrop/images/029/60/602/2960602_20220621100134.jpg/melon/thumbnail/320x300
박재범,https://cdnimg.melon.co.kr/cm2/artistcrop/images/004/43/420/443420_20240627114352.jpg/melon/thumbnail/320x300
태민 (TAEMIN),https://cdnimg.melon.co.kr/cm2/artistcrop/images/006/29/371/629371_20231027105315.jpg/melon/thumbnail/320x300
지코 (ZICO),https://cdnimg.melon.co.kr/cm2/artistcrop/images/006/02/056/602056_20240426112932.jpg/melon/thumbnail/320x300
나연 (TWICE),https://cdnimg.melon.co.kr/cm2/artistcrop/images/009/06/641/906641_20240524142236.jpg/melon/thumbnail/320x300
사이먼 도미닉,https://cdnimg.melon.co.kr/cm2/artistcrop/images/004/28/847/428847_20211124172652.jpg/melon/thumbnail/320x300
KISS OF LIFE,https://cdnimg.melon.co.kr/cm2/artistcrop/images/034/65/800/3465800_20240403113534.jpg/melon/thumbnail/320x300
창모 (CHANGMO),https://cdnimg.melon.co.kr/cm2/artistcrop/images/007/74/900/774900_20240129141111.jpg/melon/thumbnail/320x300
권은비,https://cdnimg.melon.co.kr/cm2/artistcrop/images/023/99/727/2399727_20240618112024.jpg/melon/thumbnail/320x300
선미,https://cdnimg.melon.co.kr/cm2/artistcrop/images/000/22/938/22938_20240604120029.jpg/melon/thumbnail/320x300
백호,https://cdnimg.melon.co.kr/cm2/artistcrop/images/006/72/808/672808_20231207142054.jpg/melon/thumbnail/320x300
제시 (Jessi),https://cdnimg.melon.co.kr/cm2/artistcrop/images/001/76/393/176393_20231020182642.jpg/melon/thumbnail/320x300
화사 (HWASA),https://cdnimg.melon.co.kr/cm2/artistcrop/images/007/56/531/756531_20230830113847.jpg/melon/thumbnail/320x300
청하,https://cdnimg.melon.co.kr/cm2/artistcrop/images/009/68/265/968265_20240311112723.jpg/melon/thumbnail/320x300
비비 (BIBI),https://cdnimg.melon.co.kr/cm2/artistcrop/images/024/03/002/2403002_20240213132706.jpg/melon/thumbnail/320x300
유아 (오마이걸),https://cdnimg.melon.co.kr/cm2/artistcrop/images/008/58/000/858000_20240314133016.jpg/melon/thumbnail/320x300
이영지,https://cdnimg.melon.co.kr/cm2/artistcrop/images/026/36/153/2636153_20240621093907.jpg/melon/thumbnail/320x300
로꼬,https://cdnimg.melon.co.kr/cm2/artistcrop/images/006/88/432/688432_20201014150323.jpg/melon/thumbnail/320x300
GRAY (그레이),https://cdnimg.melon.co.kr/cm2/artistcrop/images/006/72/625/672625_20210817160521.jpg/melon/thumbnail/320x300
우원재,https://cdnimg.melon.co.kr/cm2/artistcrop/images/018/66/689/1866689_20221124114330.jpg/melon/thumbnail/320x300
쿠기 (Coogie),https://cdnimg.melon.co.kr/cm2/artistcrop/images/021/11/694/2111694_20230913105320.jpg/melon/thumbnail/320x300
프로미스나인,https://cdnimg.melon.co.kr/cm2/artistcrop/images/020/19/210/2019210_20230605140205.jpg/melon/thumbnail/320x300
pH-1,https://cdnimg.melon.co.kr/cm2/artistcrop/images/009/43/511/943511_20231103101050.jpg/melon/thumbnail/320x300
민호 (MINHO),https://cdnimg.melon.co.kr/cm2/artistcrop/images/006/68/891/668891_20240105132350.jpg/melon/thumbnail/320x300
82MAJOR(82메이저),https://cdnimg.melon.co.kr/cm2/artistcrop/images/035/73/387/3573387_20240419113003.jpg/melon/thumbnail/320x300
주호,https://cdnimg.melon.co.kr/cm2/artistcrop/images/012/02/379/1202379_20240108172829.jpg/melon/thumbnail/320x300
Creepy Nuts,https://cdnimg.melon.co.kr/cm/artistcrop/images/025/58/470/2558470.jpg/melon/thumbnail/320x300
박소은,https://cdnimg.melon.co.kr/cm2/artistcrop/images/012/73/981/1273981_20240503154407.jpg/melon/thumbnail/320x300
유발이 (U.BAR.E),https://cdnimg.melon.co.kr/cm2/artistcrop/images/006/09/734/609734_20210312113128.jpg/melon/thumbnail/320x300
솔루션스 (THE SOLUTIONS),https://cdnimg.melon.co.kr/cm2/artistcrop/images/006/74/299/674299_20240626135325.jpg/melon/thumbnail/320x300
OAH! (오아!),https://cdnimg.melon.co.kr/cm2/artistcrop/images/028/90/196/2890196_20240423164852.jpg/melon/thumbnail/320x300
버둥,https://cdnimg.melon.co.kr/cm2/artistcrop/images/008/89/920/889920_20220830103750.jpg/melon/thumbnail/320x300
사공 (Sagong),https://cdnimg.melon.co.kr/cm2/artistcrop/images/026/31/662/2631662_20230213135031.jpg/melon/thumbnail/320x300
PITTA (강형호),https://cdnimg.melon.co.kr/cm2/artistcrop/images/019/08/704/1908704_20240103182643.jpg/melon/thumbnail/320x300
포레스텔라(Forestella),https://cdnimg.melon.co.kr/cm2/artistcrop/images/021/11/354/2111354_20231108110241.jpg/melon/thumbnail/320x300
프롬,https://cdnimg.melon.co.kr/cm2/artistcrop/images/005/70/302/570302_20221202164104.jpg/melon/thumbnail/320x300
적란운,https://cdnimg.melon.co.kr/cm2/artistcrop/images/032/00/120/3200120_20231030134258.jpg/melon/thumbnail/320x300
Add All Ears,https://cdnimg.melon.co.kr/cm2/artistcrop/images/030/65/873/3065873_20231129173013.jpg/melon/thumbnail/320x300
변진섭,https://cdnimg.melon.co.kr/cm/artistcrop/images/000/01/128/1128.jpg/melon/thumbnail/320x300
변진섭,https://cdnimg.melon.co.kr/cm/artistcrop/images/000/01/128/1128.jpg/melon/thumbnail/320x300
달담,https://cdnimg.melon.co.kr/cm2/artistcrop/images/027/64/817/2764817_20230622101218.jpg/melon/thumbnail/320x300
기프트 (GIFT),https://cdnimg.melon.co.kr/cm2/artistcrop/images/020/20/237/2020237_20231019084534.jpg/melon/thumbnail/320x300
김정민,https://cdnimg.melon.co.kr/cm/artistcrop/images/000/04/764/4764.jpg/melon/thumbnail/320x300
장들레,https://cdnimg.melon.co.kr/cm/artistcrop/images/008/70/933/870933.jpg/melon/thumbnail/320x300
Red Velvet (레드벨벳),https://cdnimg.melon.co.kr/cm2/artistcrop/images/007/80/066/780066_20240618100837.jpg/melon/thumbnail/320x300
김준서,https://cdnimg.melon.co.kr/cm2/artistcrop/images/021/12/421/2112421_20230428160749.jpg/melon/thumbnail/320x300
AJR,https://cdnimg.melon.co.kr/cm2/artistcrop/images/007/70/539/770539_20220729114418.jpg/melon/thumbnail/320x300
Kazumi Tateishi Trio,https://cdnimg.melon.co.kr/cm2/artistcrop/images/004/98/353/498353_20210721104824.jpg/melon/thumbnail/320x300
Yoshida Keico,https://cdnimg.melon.co.kr/cm2/artistcrop/images/000/32/853/32853_20200615153008.jpg/melon/thumbnail/320x300
젠틀레인 (Gentle Rain),https://cdnimg.melon.co.kr/cm2/artistcrop/images/001/80/128/180128_20200304171623.jpg/melon/thumbnail/320x300
RIIZE,https://cdnimg.melon.co.kr/cm2/artistcrop/images/034/78/478/3478478_20240618103221.jpg/melon/thumbnail/320x300
Matt Maltese,https://cdnimg.melon.co.kr/cm/artistcrop/images/011/83/311/1183311.jpg/melon/thumbnail/320x300
Chihiro Yamazaki+Route 14 Band,https://cdnimg.melon.co.kr/cm2/artistcrop/images/007/18/555/718555_20230614145225.jpg/melon/thumbnail/320x300
A-FUZZ (에이퍼즈),https://cdnimg.melon.co.kr/cm2/artistcrop/images/008/39/703/839703_20220928145248.jpg/melon/thumbnail/320x300
