상품 제목,포스터 URL,상세 포스터 URL,공연장소,공연기간,캐스팅 리스트,해당 링크
2024 TREASURE RELAY TOUR ［REBOOT］ FINAL IN SEOUL,http://ticketimage.interpark.com/Play/image/large/24/24008528_p.gif,"https://ticketimage.interpark.com/Play/image/etc/24/24008528-02.jpg, https://ticketimage.interpark.com/Play/image/etc/24/24008528-05.jpg",올림픽공원 KSPO DOME(자세히),2024.08.15,트레저,https://tickets.interpark.com/goods/24008528
두아 리파 내한공연,http://ticketimage.interpark.com/Play/image/large/24/24007623_p.gif,https://ticketimage.interpark.com/Play/image/etc/24/24007623-05.jpg,고척스카이돔(자세히),2024.12.04 ~2024.12.05,두아 리파,https://tickets.interpark.com/goods/24007623
싸이흠뻑쇼 SUMMERSWAG2024 - 인천,http://ticketimage.interpark.com/Play/image/large/24/24007199_p.gif,"https://ticketimage.interpark.com/Play/image/etc/24/24007199-06.jpg, https://ticketimage.interpark.com/Play/image/etc/24/24007402-08.jpg, https://ticketimage.interpark.com/Play/image/etc/24/24007199-05.jpg",인천아시아드 주경기장(자세히),2024.08.17 ~2024.08.18,싸이,https://tickets.interpark.com/goods/24007199
"송소희, 두번째달, 김준수의 모던민요 - 여주",http://ticketimage.interpark.com/Play/image/large/24/24009112_p.gif,https://ticketimage.interpark.com/Play/image/etc/24/24009112-01.jpg,세종국악당(자세히),2024.08.17,,https://tickets.interpark.com/goods/24009112
싸이흠뻑쇼 SUMMERSWAG2024 - 대구,http://ticketimage.interpark.com/Play/image/large/24/24007190_p.gif,"https://ticketimage.interpark.com/Play/image/etc/24/24007190-05.jpg, https://ticketimage.interpark.com/Play/image/etc/24/24007402-08.jpg, https://ticketimage.interpark.com/Play/image/etc/24/24007190-04.jpg",대구스타디움 주경기장(자세히),2024.07.13 ~2024.07.14,싸이,https://tickets.interpark.com/goods/24007190
싸이흠뻑쇼 SUMMERSWAG2024 - 부산,http://ticketimage.interpark.com/Play/image/large/24/24007168_p.gif,"https://ticketimage.interpark.com/Play/image/etc/24/24007168-06.jpg, https://ticketimage.interpark.com/Play/image/etc/24/24007402-08.jpg, https://ticketimage.interpark.com/Play/image/etc/24/24007168-04.jpg",부산아시아드 주경기장(자세히),2024.08.10 ~2024.08.11,싸이,https://tickets.interpark.com/goods/24007168
싸이흠뻑쇼 SUMMERSWAG2024 - 대전,http://ticketimage.interpark.com/Play/image/large/24/24007302_p.gif,"https://ticketimage.interpark.com/Play/image/etc/24/24007302-10.jpg, https://ticketimage.interpark.com/Play/image/etc/24/24007402-08.jpg, https://ticketimage.interpark.com/Play/image/etc/24/24007302-09.jpg",대전목원대학교 대운동장(자세히),2024.07.27 ~2024.07.28,싸이,https://tickets.interpark.com/goods/24007302
싸이흠뻑쇼 SUMMERSWAG2024 - 수원,http://ticketimage.interpark.com/Play/image/large/24/24007402_p.gif,"https://ticketimage.interpark.com/Play/image/etc/24/24007402-09.jpg, https://ticketimage.interpark.com/Play/image/etc/24/24007402-08.jpg, https://ticketimage.interpark.com/Play/image/etc/24/24007402-10.jpg",수원월드컵경기장 주경기장(자세히),2024.08.24 ~2024.08.25,싸이,https://tickets.interpark.com/goods/24007402
［2024 Theatre 이문세］ - 성남,http://ticketimage.interpark.com/Play/image/large/24/24008458_p.gif,"https:https://ticketimage.interpark.com/Play/ITM/Data/Modify/2024/6/2024061416110956.jpg, https://ticketimage.interpark.com/Play/image/etc/24/24008458-02.jpg",성남아트센터 오페라하우스(자세히),2024.09.28 ~2024.09.29,이문세,https://tickets.interpark.com/goods/24008458
싸이흠뻑쇼 SUMMERSWAG2024 - 광주,http://ticketimage.interpark.com/Play/image/large/24/24007211_p.gif,"https://ticketimage.interpark.com/Play/image/etc/24/24007211-08.jpg, https://ticketimage.interpark.com/Play/image/etc/24/24007402-08.jpg, https://ticketimage.interpark.com/Play/image/etc/24/24007211-06.jpg",광주월드컵경기장(자세히),2024.07.06 ~2024.07.07,싸이,https://tickets.interpark.com/goods/24007211
SG워너비 콘서트 : 우리의 노래 2024 앙코르,http://ticketimage.interpark.com/Play/image/large/24/24006691_p.gif,https://ticketimage.interpark.com/Play/image/etc/24/24006691-03.jpg,KSPO DOME (올림픽체조경기장)(자세히),2024.07.20 ~2024.07.21,SG워너비,https://tickets.interpark.com/goods/24006691
2024 수아레콘서트 - 김태우와 하고 싶은 말,http://ticketimage.interpark.com/Play/image/large/24/24008910_p.gif,"https:https://ticketimage.interpark.com/Play/ITM/Data/Modify/2024/6/2024062413420581.jpg, https://ticketimage.interpark.com/Play/image/etc/24/24008910-03.jpg",성남아트센터 오페라하우스(자세히),2024.07.19,,https://tickets.interpark.com/goods/24008910
싸이흠뻑쇼 SUMMERSWAG2024 - 원주,http://ticketimage.interpark.com/Play/image/large/24/24007305_p.gif,"https://ticketimage.interpark.com/Play/image/etc/24/24007305-09.jpg, https://ticketimage.interpark.com/Play/image/etc/24/24007402-08.jpg, https://ticketimage.interpark.com/Play/image/etc/24/24007305-10.jpg",원주종합운동장(자세히),2024.06.29,싸이,https://tickets.interpark.com/goods/24007305
2024 인천펜타포트 락 페스티벌 X KB국민카드 스타샵,http://ticketimage.interpark.com/Play/image/large/24/24005722_p.gif,"https://ticketimage.interpark.com/Play/image/etc/24/24005722-12.jpg, https://ticketimage.interpark.com/Play/image/etc/24/24005722-11.jpg",송도달빛축제공원(자세히),2024.08.02 ~2024.08.04,"이상은, 검엑스, 아마도이자람밴드, 브로콜리 너마저, 구남과여라이딩스텔라, 브로큰 발렌타인, 토, 추다혜, 글렌체크, 선우정아, 램넌츠오브더폴른, 라이드, 잔나비, 데이식스, 새소년, 세이수미, 라쿠나, 실리카겔, 이승윤, 더 픽스, 카디, 웨이브투어스, 터치드, 리도어, 한로로",https://tickets.interpark.com/goods/24005722
노엘 갤러거 하이 플라잉 버즈,http://ticketimage.interpark.com/Play/image/large/24/24003561_p.gif,https://ticketimage.interpark.com/Play/image/etc/24/24003561-01.jpg,"일산 킨텍스 제1전시장 1, 2홀(자세히)",2024.07.26,노엘 갤러거,https://tickets.interpark.com/goods/24003561
유튜브 팬페스트 코리아 2024,http://ticketimage.interpark.com/Play/image/large/24/24007360_p.gif,"https://ticketimage.interpark.com/Play/image/etc/24/24007360-03.jpg, https://ticketimage.interpark.com/Play/image/etc/24/24007360-04.jpg",인천 파라다이스시티(자세히),2024.06.29,,https://tickets.interpark.com/goods/24007360
싸이흠뻑쇼 SUMMERSWAG2024 - 속초,http://ticketimage.interpark.com/Play/image/large/24/24007319_p.gif,"https://ticketimage.interpark.com/Play/image/etc/24/24007319-08.jpg, https://ticketimage.interpark.com/Play/image/etc/24/24007402-08.jpg, https://ticketimage.interpark.com/Play/image/etc/24/24007319-09.jpg",속초종합경기장(자세히),2024.08.03,,https://tickets.interpark.com/goods/24007319
2024 ROUND in Korea - 부산,http://ticketimage.interpark.com/Play/image/large/24/24006581_p.gif,"https://ticketimage.interpark.com/Play/image/etc/24/24006581-09.jpg, https://ticketimage.interpark.com/Play/image/etc/24/24006581-08.jpg, https://ticketimage.interpark.com/Play/image/etc/24/24006581-03.jpg, https://ticketimage.interpark.com/Play/image/etc/24/24006581-06.jpg",부산KBS홀(자세히),2024.07.06 ~2024.07.07,"넬, 김윤아, 너드커넥션, 터치드",https://tickets.interpark.com/goods/24006581
［2024 Theatre 이문세］ - 진주,http://ticketimage.interpark.com/Play/image/large/24/24008697_p.gif,"https://ticketimage.interpark.com/240086972024/06/18/c4c45e66.jpg, https://ticketimage.interpark.com/Play/image/etc/24/24008697-01.jpg",경남문화예술회관 대공연장(자세히),2024.09.21 ~2024.09.22,,https://tickets.interpark.com/goods/24008697
2024 어썸스테이지 ［ DAY6 ＆ 오월오일 ］- 부산,http://ticketimage.interpark.com/Play/image/large/24/24008290_p.gif,https://ticketimage.interpark.com/Play/image/etc/24/24008290-04.jpg,벡스코 오디토리움(자세히),2024.06.30,"데이식스, 오월오일",https://tickets.interpark.com/goods/24008290
2024 서울파크뮤직페스티벌,http://ticketimage.interpark.com/Play/image/large/24/24001672_p.gif,"https://ticketimage.interpark.com/Play/image/etc/24/24001672-05.jpg, https://ticketimage.interpark.com/Play/image/etc/24/24001672-06.jpg, https://ticketimage.interpark.com/Play/image/etc/24/24001672-07.jpg, https://ticketimage.interpark.com/Play/image/etc/24/24001672-08.jpg","올림픽공원 88잔디마당, 88호수수변무대(자세히)",2024.06.29 ~2024.06.30,,https://tickets.interpark.com/goods/24001672
2024 현역가왕 전국투어 콘서트 - 강릉,http://ticketimage.interpark.com/Play/image/large/24/24008541_p.gif,https://ticketimage.interpark.com/Play/image/etc/24/24008541-01.jpg,가톨릭관동대학교 세바스티아노스포츠센터(자세히),2024.08.24,,https://tickets.interpark.com/goods/24008541
싸이흠뻑쇼 SUMMERSWAG2024 - 과천,http://ticketimage.interpark.com/Play/image/large/24/24007166_p.gif,"https://ticketimage.interpark.com/Play/image/etc/24/24007166-06.jpg, https://ticketimage.interpark.com/Play/image/etc/24/24007166-04.jpg, https://ticketimage.interpark.com/Play/image/etc/24/24007166-07.jpg",서울대공원 주차광장(자세히),2024.07.20 ~2024.07.21,싸이,https://tickets.interpark.com/goods/24007166
10CM 1st Fan Concert 〈10CM YOU〉,http://ticketimage.interpark.com/Play/image/large/24/24008197_p.gif,https://ticketimage.interpark.com/Play/image/etc/24/24008197-03.jpg,올림픽공원 올림픽홀(자세히),2024.07.06 ~2024.07.07,10cm,https://tickets.interpark.com/goods/24008197
2024 김창옥 토크콘서트 시즌4 - 진주,http://ticketimage.interpark.com/Play/image/large/24/24008771_p.gif,"https:https://ticketimage.interpark.com/Play/ITM/Data/Detail/2024/6/2024061415204520.jpg, https://ticketimage.interpark.com/Play/image/etc/24/24008771-05.jpg, https://ticketimage.interpark.com/Play/image/etc/24/24008771-06.jpg",경상국립대학교 GNU컨벤션센터 대강당(자세히),2024.08.18,,https://tickets.interpark.com/goods/24008771
2024 김창옥토크콘서트 시즌4 - 창원,http://ticketimage.interpark.com/Play/image/large/24/24009156_p.gif,"https://ticketimage.interpark.com/Play/image/etc/24/24009156-01.jpg, https://ticketimage.interpark.com/Play/image/etc/24/24009156-02.jpg",창원 성산아트홀 대극장(자세히),2024.07.28,김창옥,https://tickets.interpark.com/goods/24009156
DPR SEOUL CONCERT 2024 ［The Dream Reborn Tour］,http://ticketimage.interpark.com/Play/image/large/24/24007989_p.gif,https://ticketimage.interpark.com/Play/image/etc/24/24007989-02.jpg,올림픽공원 올림픽홀(자세히),2024.07.13 ~2024.07.14,,https://tickets.interpark.com/goods/24007989
2024 CassCool Festival,http://ticketimage.interpark.com/Play/image/large/24/24008445_p.gif,"https://ticketimage.interpark.com/Play/image/etc/24/24008445-04.jpg, https://ticketimage.interpark.com/Play/image/etc/24/24008445-02.jpg",서울랜드(자세히),2024.08.24,,https://tickets.interpark.com/goods/24008445
2024 어썸스테이지 ［ DAY6 ＆ Xdinary Heroes ］- 부산,http://ticketimage.interpark.com/Play/image/large/24/24008291_p.gif,https://ticketimage.interpark.com/Play/image/etc/24/24008291-04.jpg,벡스코 오디토리움(자세히),2024.06.29,"데이식스, 엑스디너리 히어로즈",https://tickets.interpark.com/goods/24008291
2024 윤하 소극장 콘서트 ［潤夏］,http://ticketimage.interpark.com/Play/image/large/24/24007846_p.gif,https://ticketimage.interpark.com/Play/image/etc/24/24007846-01.jpg,블루스퀘어 마스터카드홀(자세히),2024.07.03 ~2024.07.14,,https://tickets.interpark.com/goods/24007846
Soundberry Festa’ 24,http://ticketimage.interpark.com/Play/image/large/24/24008188_p.gif,"https://ticketimage.interpark.com/Play/image/etc/24/24008188-09.jpg, https://ticketimage.interpark.com/Play/image/etc/24/24008188-10.jpg, https://ticketimage.interpark.com/Play/image/etc/24/24008188-11.jpg",KBS아레나 일대(자세히),2024.07.20 ~2024.07.21,"다섯, 윤마치, 씨엔블루, 원위, 장기하, 죠지, 한요한, 아일, 오월오일, 키드밀리, FT아일랜드, 소수빈, 로이킴, 엔플라잉, 정준일, 최유리, 폴킴, 후이, 92914, 신지훈, 카더가든",https://tickets.interpark.com/goods/24008188
‘Don’t Mute Your Music’ OPENING CEREMONY by. Lacuna (Special Guest Television Off),http://ticketimage.interpark.com/Play/image/large/24/24008844_p.gif,https://ticketimage.interpark.com/Play/image/etc/24/24008844-01.jpg,KT＆G 상상마당 라이브홀(자세히),2024.07.05,,https://tickets.interpark.com/goods/24008844
2024 서인국 팬미팅 ‘Heart Cream’,http://ticketimage.interpark.com/Play/image/large/24/24008047_p.gif,https://ticketimage.interpark.com/Play/image/etc/24/24008047-03.jpg,명화라이브홀(자세히),2024.07.06,서인국,https://tickets.interpark.com/goods/24008047
동구문화체육센터 이은미X민경인트리오 〈SUMMER FESTA〉 - 인천,http://ticketimage.interpark.com/Play/image/large/24/24009092_p.gif,"https://ticketimage.interpark.com/240090922024/06/26/b07d85da.jpg, https://ticketimage.interpark.com/Play/image/etc/24/24009092-01.jpg",동구문화체육센터 공연장(자세히),2024.08.03,"이은미, 한웅원, 민경인, 최진배",https://tickets.interpark.com/goods/24009092
FANTASY BOYS 1ST FANMEETING ［Summer in the Fantasy］,http://ticketimage.interpark.com/Play/image/large/24/24008468_p.gif,https://ticketimage.interpark.com/Play/image/etc/24/24008468-03.jpg,블루스퀘어 마스터카드홀(자세히),2024.07.27,,https://tickets.interpark.com/goods/24008468
미스터트롯2 진선미 콘서트 ［트롯트립］ - 대전,http://ticketimage.interpark.com/Play/image/large/24/24004427_p.gif,"https:https://ticketimage.interpark.com/Play/ITM/Data/Modify/2024/4/2024041220152048.jpg, https://ticketimage.interpark.com/Play/image/etc/24/24004427-02.jpg",충남대학교 정심화홀(자세히),2024.06.29,,https://tickets.interpark.com/goods/24004427
트롯걸즈재팬 1st 팬미팅 “The Beginning”,http://ticketimage.interpark.com/Play/image/large/24/24008539_p.gif,https://ticketimage.interpark.com/Play/image/etc/24/24008539-05.jpg,무신사 개러지(자세히),2024.07.06 ~2024.07.07,,https://tickets.interpark.com/goods/24008539
2024 김창옥 토크콘서트 시즌4 - 강릉,http://ticketimage.interpark.com/Play/image/large/24/24009071_p.gif,"https://ticketimage.interpark.com/Play/image/etc/24/24009071-01.jpg, https://ticketimage.interpark.com/Play/image/etc/24/24009071-02.jpg",강릉아트센터 사임당홀(자세히),2024.08.04,김창옥,https://tickets.interpark.com/goods/24009071
〈미스트롯3〉 전국투어 콘서트 - 천안,http://ticketimage.interpark.com/Play/image/large/24/24008696_p.gif,https://ticketimage.interpark.com/Play/image/etc/24/24008696-01.jpg,천안예술의전당 대공연장(자세히),2024.08.17,,https://tickets.interpark.com/goods/24008696
2024 어썸스테이지 ［ CNBLUE ＆ 정용화 ］,http://ticketimage.interpark.com/Play/image/large/24/24008249_p.gif,https://ticketimage.interpark.com/Play/image/etc/24/24008249-02.jpg,벡스코 오디토리움(자세히),2024.06.29,씨엔블루,https://tickets.interpark.com/goods/24008249
"2024 김범수 콘서트 〈여행, The Original〉 수원",http://ticketimage.interpark.com/Play/image/large/24/24002093_p.gif,https://ticketimage.interpark.com/Play/image/etc/24/24002093-07.jpg,경기아트센터 대극장(자세히),2024.09.07,김범수,https://tickets.interpark.com/goods/24002093
20TH ANNIVERSARY 2024 KIM JAE JOONG ASIA TOUR CONCERT ＂FLOWER GARDEN＂ in SEOUL,http://ticketimage.interpark.com/Play/image/large/24/24008304_p.gif,"https:https://ticketimage.interpark.com/Play/ITM/Data/Modify/2024/6/2024061016583117.jpg, https://ticketimage.interpark.com/Play/image/etc/24/24008304-03.jpg",장충체육관(자세히),2024.07.20 ~2024.07.21,김재중,https://tickets.interpark.com/goods/24008304
"박주원, 최항석의 “Sweet amore, Sweet my life”",http://ticketimage.interpark.com/Play/image/large/24/24009052_p.gif,https://ticketimage.interpark.com/Play/image/etc/24/24009052-02.jpg,노들섬 라이브하우스(자세히),2024.07.19,,https://tickets.interpark.com/goods/24009052
2024 FTISLAND LIVE ‘PULSE’,http://ticketimage.interpark.com/Play/image/large/24/24006451_p.gif,https://ticketimage.interpark.com/Play/image/etc/24/24006451-02.jpg,블루스퀘어 마스터카드홀(자세히),2024.06.29 ~2024.06.30,FT아일랜드,https://tickets.interpark.com/goods/24006451
2024 임한별의 별(別) 전국투어 콘서트 〈시작〉 in 전주,http://ticketimage.interpark.com/Play/image/large/24/24007398_p.gif,"https:https://ticketimage.interpark.com/Play/ITM/Data/Modify/2024/6/2024062716521202.jpg, https://ticketimage.interpark.com/Play/image/etc/24/24007398-03.jpg",한국소리문화의전당 모악당(자세히),2024.08.03 ~2024.08.04,임한별,https://tickets.interpark.com/goods/24007398
2024 현역가왕 전국투어 콘서트 - 대구,http://ticketimage.interpark.com/Play/image/large/24/24001695_p.gif,https://ticketimage.interpark.com/Play/image/etc/24/24001695-06.jpg,엑스코 동관 6홀(자세히),2024.06.29,,https://tickets.interpark.com/goods/24001695
올리비아 로드리고 첫 내한공연,http://ticketimage.interpark.com/Play/image/large/24/24006714_p.gif,https://ticketimage.interpark.com/Play/image/etc/24/24006714-03.jpg,잠실 실내체육관(자세히),2024.09.20 ~2024.09.21,,https://tickets.interpark.com/goods/24006714
"2024 김범수 콘서트 〈여행, The Original〉 창원",http://ticketimage.interpark.com/Play/image/large/24/24008884_p.gif,https://ticketimage.interpark.com/Play/image/etc/24/24008884-03.jpg,창원 성산아트홀 대극장(자세히),2024.09.28,김범수,https://tickets.interpark.com/goods/24008884
2024 어썸스테이지 ［ N.Flying ］,http://ticketimage.interpark.com/Play/image/large/24/24008322_p.gif,https://ticketimage.interpark.com/Play/image/etc/24/24008322-03.jpg,벡스코 오디토리움(자세히),2024.06.30,엔플라잉,https://tickets.interpark.com/goods/24008322
2024년 6월 박창근 고양 콘서트 - 박창근장르 다시보기,http://ticketimage.interpark.com/Play/image/large/24/24008187_p.gif,https://ticketimage.interpark.com/Play/image/etc/24/24008187-01.jpg,고양아람누리 아람극장(자세히),2024.06.28 ~2024.06.30,박창근,https://tickets.interpark.com/goods/24008187
"［2024 구로 스테이지］TO. X (양다일, 디에이드)",http://ticketimage.interpark.com/Play/image/large/24/24007721_p.gif,https://ticketimage.interpark.com/Play/image/etc/24/24007721-02.jpg,구로아트밸리 예술극장(자세히),2024.07.20,,https://tickets.interpark.com/goods/24007721
［2024 Theatre 이문세］ - 경산,http://ticketimage.interpark.com/Play/image/large/24/24005595_p.gif,"https://ticketimage.interpark.com/240055952024/04/12/bc3deeef.jpg, https://ticketimage.interpark.com/Play/image/etc/24/24005595-03.jpg",영남대학교 천마아트센터 그랜드홀(자세히),2024.06.29 ~2024.06.30,이문세,https://tickets.interpark.com/goods/24005595
［네덜란드밴드］ Sam Ghezzi Band 내한공연,http://ticketimage.interpark.com/Play/image/large/24/24009164_p.gif,"https://ticketimage.interpark.com/Play/image/etc/24/24009164-01.jpg, https://ticketimage.interpark.com/Play/image/etc/24/24009164-02.jpg",재즈클럽 그루브(자세히),2024.07.18,,https://tickets.interpark.com/goods/24009164
［문래재즈IN＃연중기획］ 진영환 퀸텟,http://ticketimage.interpark.com/Play/image/large/24/24009181_p.gif,https://ticketimage.interpark.com/Play/image/etc/24/24009181-01.jpg,라이브홀 문래재즈IN(자세히),2024.07.13,,https://tickets.interpark.com/goods/24009181
［문래재즈IN＃연중기획］방병조 그룹,http://ticketimage.interpark.com/Play/image/large/24/24008190_p.gif,https://ticketimage.interpark.com/Play/image/etc/24/24008190-02.jpg,라이브홀 문래재즈IN(자세히),2024.06.29,,https://tickets.interpark.com/goods/24008190
［서울］ 보일러룸 서울 2024,http://ticketimage.interpark.com/Play/image/large/24/24006923_p.gif,https://ticketimage.interpark.com/Play/image/etc/24/24006923-02.jpg,에스팩토리 D동(자세히),2024.07.27,,https://tickets.interpark.com/goods/24006923
［캠핑권］ 2024 인천펜타포트 락 페스티벌 X KB국민카드 스타샵,http://ticketimage.interpark.com/Play/image/large/24/24007967_p.gif,https://ticketimage.interpark.com/Play/image/etc/24/24007967-01.jpg,송도달빛축제공원(자세히),2024.08.02 ~2024.08.04,,https://tickets.interpark.com/goods/24007967
［Play＆Stay］ 2024 SVT 8TH FAN MEETING 〈SEVENTEEN in CARAT LAND〉 ＋ 서울 시내 호텔,http://ticketimage.interpark.com/Play/image/large/24/24008319_p.gif,"https://ticketimage.interpark.com/Play/image/etc/24/24008319-22.jpg, https://ticketimage.interpark.com/Play/image/etc/24/24008319-12.jpg, https://ticketimage.interpark.com/Play/image/etc/24/24008319-13.jpg, https://ticketimage.interpark.com/Play/image/etc/24/24008319-14.jpg, https://ticketimage.interpark.com/Play/image/etc/24/24008319-15.jpg, https://ticketimage.interpark.com/Play/image/etc/24/24008319-21.jpg, https://ticketimage.interpark.com/Play/image/etc/24/24008319-16.jpg, https://ticketimage.interpark.com/Play/image/etc/24/24008319-17.jpg, https://ticketimage.interpark.com/Play/image/etc/24/24008319-18.jpg, https://ticketimage.interpark.com/Play/image/etc/24/24008319-19.jpg, https://ticketimage.interpark.com/Play/image/etc/24/24008319-10.jpg, https://ticketimage.interpark.com/Play/image/etc/24/24008319-11.jpg",고척스카이돔(자세히),2024.07.23 ~2024.07.24,,https://tickets.interpark.com/goods/24008319
〈 김태균 SHOW 〉 - 대구,http://ticketimage.interpark.com/Play/image/large/24/24008616_p.gif,https://ticketimage.interpark.com/Play/image/etc/24/24008616-01.jpg,대구 엑스코 오디토리움(자세히),2024.10.12,,https://tickets.interpark.com/goods/24008616
〈 김태균 SHOW 〉 - 부산,http://ticketimage.interpark.com/Play/image/large/24/24008580_p.gif,https://ticketimage.interpark.com/Play/image/etc/24/24008580-01.jpg,부산KBS홀(자세히),2024.10.05,김태균,https://tickets.interpark.com/goods/24008580
〈 EUNOIA 〉 크로스오버 콘서트 in 김광석 - 부산,http://ticketimage.interpark.com/Play/image/large/24/24008867_p.gif,https://ticketimage.interpark.com/Play/image/etc/24/24008867-01.jpg,소향씨어터 신한카드홀(자세히),2024.08.18,,https://tickets.interpark.com/goods/24008867
〈 EUNOIA 〉 크로스오버 콘서트 in 퀸 - 대구,http://ticketimage.interpark.com/Play/image/large/24/24007341_p.gif,https://ticketimage.interpark.com/Play/image/etc/24/24007341-01.jpg,영남대학교 천마아트센터 그랜드홀(자세히),2024.07.20,,https://tickets.interpark.com/goods/24007341
〈미스트롯3〉 전국투어 콘서트 - 광주,http://ticketimage.interpark.com/Play/image/large/24/24003268_p.gif,https://ticketimage.interpark.com/Play/image/etc/24/24003268-05.jpg,김대중컨벤션센터 다목적홀(자세히),2024.07.13 ~2024.07.14,,https://tickets.interpark.com/goods/24003268
〈미스트롯3〉 전국투어 콘서트 - 전주,http://ticketimage.interpark.com/Play/image/large/24/24008933_p.gif,https://ticketimage.interpark.com/Play/image/etc/24/24008933-02.jpg,한국소리문화의전당 모악당(자세히),2024.08.24,,https://tickets.interpark.com/goods/24008933
〈미스트롯3〉 전국투어 콘서트 - 진주,http://ticketimage.interpark.com/Play/image/large/24/24008709_p.gif,https://ticketimage.interpark.com/Play/image/etc/24/24008709-01.jpg,경남문화예술회관 대공연장(자세히),2024.09.28,,https://tickets.interpark.com/goods/24008709
〈미스트롯3〉 전국투어 콘서트－창원,http://ticketimage.interpark.com/Play/image/large/24/24003280_p.gif,https://ticketimage.interpark.com/Play/image/etc/24/24003280-07.jpg,KBS창원홀(자세히),2024.07.06 ~2024.07.07,,https://tickets.interpark.com/goods/24003280
〈미스트롯3〉 전국투어 콘서트－춘천,http://ticketimage.interpark.com/Play/image/large/24/24003221_p.gif,https://ticketimage.interpark.com/Play/image/etc/24/24003221-06.jpg,강원대학교 백령아트센터(자세히),2024.07.27,,https://tickets.interpark.com/goods/24003221
〈옥주현 with Friends 뮤지컬 콘서트〉 - 수원,http://ticketimage.interpark.com/Play/image/large/24/24008790_p.gif,https://ticketimage.interpark.com/Play/image/etc/24/24008790-01.jpg,경기아트센터 대극장(자세히),2024.07.17,옥주현,https://tickets.interpark.com/goods/24008790
〈재즈 콜렉티브－윤석철트리오〉－인천,http://ticketimage.interpark.com/TicketImage/main/common/mobile/noimage_vtc.jpg,,트라이보울(자세히),2024.07.31,,https://tickets.interpark.com/goods/24009322
〈My Legendary Pops〉 in JEJU,http://ticketimage.interpark.com/Play/image/large/24/24009068_p.gif,,서귀포예술의전당(자세히),2024.07.21,,https://tickets.interpark.com/goods/24009068
《어떤가요 #10》 추억의 댄스가수 특집,http://ticketimage.interpark.com/Play/image/large/24/24008344_p.gif,"https:https://ticketimage.interpark.com/Play/ITM/Data/Modify/2024/6/2024062713135512.jpg, https://ticketimage.interpark.com/Play/image/etc/24/24008344-03.jpg",마포아트센터 아트홀맥(자세히),2024.08.30,"현진영, 한상일",https://tickets.interpark.com/goods/24008344
【ONLINE】BLACKSTAR Theater Starless 「BLACK SONIC」 In Shinjuku,http://ticketimage.interpark.com/Play/image/large/24/24008334_p.gif,https://ticketimage.interpark.com/Play/image/etc/24/24008251-01.jpg,온라인,2024.08.25,,https://tickets.interpark.com/goods/24008334
【ONLINE】BLACKSTAR Theater Starless 「BLACK SONIC」 In Yokohama＆ 4 Ticket Packages,http://ticketimage.interpark.com/Play/image/large/24/24008251_p.gif,https://ticketimage.interpark.com/Play/image/etc/24/24008251-01.jpg,온라인,2024.07.21 ~2024.08.25,,https://tickets.interpark.com/goods/24008251
1 to 10 레전드 콘서트 EP 01 - 015B 단독콘서트,http://ticketimage.interpark.com/Play/image/large/24/24006273_p.gif,https://ticketimage.interpark.com/Play/image/etc/24/24006273-06.jpg,연세대학교 대강당(자세히),2024.06.29,,https://tickets.interpark.com/goods/24006273
1 to 10 레전드 콘서트 EP 02 - 노사연 단독콘서트,http://ticketimage.interpark.com/Play/image/large/24/24006264_p.gif,https://ticketimage.interpark.com/Play/image/etc/24/24006264-06.jpg,연세대학교 대강당(자세히),2024.06.30,,https://tickets.interpark.com/goods/24006264
"1st Label Concert in NE,VOT LAND",http://ticketimage.interpark.com/Play/image/large/24/24009093_p.gif,https://ticketimage.interpark.com/Play/image/etc/24/24009093-01.jpg,스페이스브릭(자세히),2024.07.27,,https://tickets.interpark.com/goods/24009093
2024 “다섯번째 계절” 유미 단독 콘서트,http://ticketimage.interpark.com/Play/image/large/24/24007396_p.gif,https://ticketimage.interpark.com/Play/image/etc/24/24007396-04.jpg,신한카드 SOL페이 스퀘어 라이브홀(자세히),2024.06.29,유미,https://tickets.interpark.com/goods/24007396
2024 김기태 첫 번째 팬미팅 ［태가 나는 하루 : 301호］,http://ticketimage.interpark.com/Play/image/large/24/24006893_p.gif,https://ticketimage.interpark.com/Play/image/etc/24/24006893-02.jpg,성수아트홀(자세히),2024.06.29,김기태,https://tickets.interpark.com/goods/24006893
2024 김창옥 토크콘서트 시즌4 - 고양,http://ticketimage.interpark.com/Play/image/large/24/24006363_p.gif,https://ticketimage.interpark.com/Play/image/etc/24/24006363-01.jpg,고양아람누리 아람극장(자세히),2024.09.01,김창옥,https://tickets.interpark.com/goods/24006363
2024 김창옥 토크콘서트 시즌4 - 김해,http://ticketimage.interpark.com/Play/image/large/24/24002656_p.gif,https://ticketimage.interpark.com/Play/image/etc/24/24002656-03.jpg,김해문화의전당 마루홀(자세히),2024.06.30,,https://tickets.interpark.com/goods/24002656
2024 김창옥 토크콘서트 시즌4 - 서울,http://ticketimage.interpark.com/Play/image/large/24/24005035_p.gif,https://ticketimage.interpark.com/Play/image/etc/24/24005035-01.jpg,연세대학교 대강당(자세히),2024.07.07,김창옥,https://tickets.interpark.com/goods/24005035
2024 김창옥 토크콘서트 시즌4 - 안산,http://ticketimage.interpark.com/Play/image/large/24/24005450_p.gif,"https://ticketimage.interpark.com/Play/image/etc/24/24005450-01.jpg, https://ticketimage.interpark.com/Play/image/etc/24/24005450-02.jpg",안산문화예술의전당 해돋이극장(자세히),2024.07.06,,https://tickets.interpark.com/goods/24005450
2024 김창옥 토크콘서트 시즌4 - 오산,http://ticketimage.interpark.com/Play/image/large/24/24007946_p.gif,"https://ticketimage.interpark.com/Play/image/etc/24/24007952-01.jpg, https://ticketimage.interpark.com/Play/image/etc/24/24007952-02.jpg",오산문화예술회관 대공연장(자세히),2024.08.10,,https://tickets.interpark.com/goods/24007946
2024 김창옥 토크콘서트 시즌4 - 원주,http://ticketimage.interpark.com/Play/image/large/24/24005824_p.gif,https://ticketimage.interpark.com/Play/image/etc/24/24005824-01.jpg,원주 백운아트홀(자세히),2024.11.03,,https://tickets.interpark.com/goods/24005824
2024 김창옥 토크콘서트 시즌4 - 익산,http://ticketimage.interpark.com/Play/image/large/24/24008440_p.gif,"https://ticketimage.interpark.com/Play/image/etc/24/24008440-01.jpg, https://ticketimage.interpark.com/Play/image/etc/24/24008440-02.jpg",익산예술의전당 대공연장(자세히),2024.09.07,김창옥,https://tickets.interpark.com/goods/24008440
2024 김창완밴드 전국투어 〈개구쟁이〉 - 부산,http://ticketimage.interpark.com/Play/image/large/24/24004876_p.gif,https://ticketimage.interpark.com/Play/image/etc/24/24004876-01.jpg,부산문화회관 대극장(자세히),2024.07.07,,https://tickets.interpark.com/goods/24004876
2024 남진 콘서트 〈음악중심〉 - 안녕 부천,http://ticketimage.interpark.com/Play/image/large/24/24008804_p.gif,https://ticketimage.interpark.com/Play/image/etc/24/24008804-01.jpg,부천실내체육관(자세히),2024.09.07,,https://tickets.interpark.com/goods/24008804
2024 루프탑 공연 Summer Sunset ［밴드기린 x 하터 댄 줄라이］－부산,http://ticketimage.interpark.com/Play/image/large/24/24009134_p.gif,https://ticketimage.interpark.com/Play/image/etc/24/24009134-02.jpg,KT&G 상상마당 부산 13층 루프탑(자세히),2024.07.19,,https://tickets.interpark.com/goods/24009134
2024 박성현의 트롯클래식－대전,http://ticketimage.interpark.com/Play/image/large/24/24009105_p.gif,https://ticketimage.interpark.com/Play/image/etc/24/24009105-01.jpg,대전청소년위캔센터 대강당(자세히),2024.07.27,,https://tickets.interpark.com/goods/24009105
2024 박정현 소극장 콘서트 ［ 이음 ］,http://ticketimage.interpark.com/Play/image/large/24/24006782_p.gif,https://ticketimage.interpark.com/Play/image/etc/24/24006782-02.jpg,백암아트홀(자세히),2024.07.11 ~2024.07.14,박정현,https://tickets.interpark.com/goods/24006782
2024 변진섭 전국투어 콘서트：변천사 - 대구,http://ticketimage.interpark.com/Play/image/large/24/24007935_p.gif,https://ticketimage.interpark.com/Play/image/etc/24/24007935-01.jpg,대구보건대학교 인당아트홀(자세히),2024.07.28,,https://tickets.interpark.com/goods/24007935
2024 변진섭 전국투어 콘서트：변천사－인천,http://ticketimage.interpark.com/Play/image/large/24/24007235_p.gif,https://ticketimage.interpark.com/Play/image/etc/24/24007235-02.jpg,부평아트센터 해누리 극장(자세히),2024.07.20,,https://tickets.interpark.com/goods/24007235
2024 변진섭 전국투어 콘서트：변천사－평택,http://ticketimage.interpark.com/Play/image/large/24/24008279_p.gif,https://ticketimage.interpark.com/Play/image/etc/24/24008279-01.jpg,평택 서부문화예술회관 대공연장(자세히),2024.07.27,변진섭,https://tickets.interpark.com/goods/24008279
2024 블루밍 스테이지 ［헤이즈 x 로꼬］,http://ticketimage.interpark.com/Play/image/large/24/24008166_p.gif,https://ticketimage.interpark.com/Play/image/etc/24/24008166-02.jpg,경희대학교 평화의전당(자세히),2024.07.27,"로꼬, 헤이즈",https://tickets.interpark.com/goods/24008166
"2024 빅3 ＂행복한만남＂ 〈강진,김용임,진성〉 - 광주",http://ticketimage.interpark.com/Play/image/large/24/24007514_p.gif,https://ticketimage.interpark.com/Play/image/etc/24/24007514-02.jpg,광주예술의전당 대극장(자세히),2024.07.13,,https://tickets.interpark.com/goods/24007514
"2024 빅3 “행복한만남” 〈강진,김용임,진성〉 - 전주",http://ticketimage.interpark.com/Play/image/large/24/24007527_p.gif,https://ticketimage.interpark.com/Play/image/etc/24/24007527-02.jpg,한국소리문화의전당 모악당(자세히),2024.07.20,,https://tickets.interpark.com/goods/24007527
2024 심수봉 전국투어 콘서트 : 꽃길 - 고양,http://ticketimage.interpark.com/Play/image/large/24/24007653_p.gif,https://ticketimage.interpark.com/Play/image/etc/24/24007653-02.jpg,고양아람누리 아람극장(자세히),2024.08.24,,https://tickets.interpark.com/goods/24007653
2024 심수봉 전국투어 콘서트：꽃길 - 김해,http://ticketimage.interpark.com/Play/image/large/24/24008836_p.gif,https://ticketimage.interpark.com/Play/image/etc/24/24008836-01.jpg,김해문화의전당 마루홀(자세히),2024.09.21,,https://tickets.interpark.com/goods/24008836
2024 심수봉 전국투어 콘서트：꽃길 - 부산,http://ticketimage.interpark.com/Play/image/large/24/24008542_p.gif,https://ticketimage.interpark.com/Play/image/etc/24/24008542-02.jpg,KBS부산홀(자세히),2024.09.07,심수봉,https://tickets.interpark.com/goods/24008542
2024 심수봉 전국투어콘서트 - 원주,http://ticketimage.interpark.com/Play/image/large/24/24006614_p.gif,https://ticketimage.interpark.com/Play/image/etc/24/24006614-01.jpg,원주종합체육관(자세히),2024.07.20,,https://tickets.interpark.com/goods/24006614
2024 싱어게인3 TOP10 전국투어 - 제주,http://ticketimage.interpark.com/Play/image/large/24/24007255_p.gif,https://ticketimage.interpark.com/Play/image/etc/24/24007255-01.jpg,제주 한라체육관(자세히),2024.07.06,,https://tickets.interpark.com/goods/24007255
2024 싱어게인3 TOP10 전국투어 앵콜 - 부산,http://ticketimage.interpark.com/Play/image/large/24/24007236_p.gif,https://ticketimage.interpark.com/Play/image/etc/24/24007236-02.jpg,KBS 부산홀(자세히),2024.07.13,,https://tickets.interpark.com/goods/24007236
2024 싱어게인3 TOP10 전국투어 앵콜 - 서울,http://ticketimage.interpark.com/Play/image/large/24/24007501_p.gif,https://ticketimage.interpark.com/Play/image/etc/24/24007501-02.jpg,SK올림픽핸드볼경기장(자세히),2024.08.10,,https://tickets.interpark.com/goods/24007501
2024 어반자카파 팬 콘서트,http://ticketimage.interpark.com/Play/image/large/24/24008358_p.gif,https://ticketimage.interpark.com/Play/image/etc/24/24008358-05.jpg,블루스퀘어 마스터카드홀(자세히),2024.07.20 ~2024.07.21,어반자카파,https://tickets.interpark.com/goods/24008358
2024 여름愛이천 스테이지 ‘형돈이와 대준이 X 마미손’ 콘서트,http://ticketimage.interpark.com/Play/image/large/24/24007392_p.gif,https://ticketimage.interpark.com/Play/image/etc/24/24007392-01.jpg,이천아트홀 대공연장(자세히),2024.08.24,,https://tickets.interpark.com/goods/24007392
2024 영화의전당 11시 음악회 10월 〈재즈의 미학과 영화음악〉 - 부산,http://ticketimage.interpark.com/Play/image/large/24/24002847_p.gif,"https:https://ticketimage.interpark.com/Play/ITM/Data/Modify/2024/5/2024052415442538.jpg, https:https://ticketimage.interpark.com/Play/ITM/Data/Modify/2024/2/2024022616014096.jpg, https://ticketimage.interpark.com/Play/image/etc/24/24002840-02.jpg",영화의전당 하늘연극장(자세히),2024.10.30,,https://tickets.interpark.com/goods/24002847
"2024 영화의전당 11시 음악회 11월 〈영화, 오케스트라를 만나다〉 - 부산",http://ticketimage.interpark.com/Play/image/large/24/24002844_p.gif,"https:https://ticketimage.interpark.com/Play/ITM/Data/Modify/2024/5/2024052415444635.jpg, https:https://ticketimage.interpark.com/Play/ITM/Data/Modify/2024/2/2024022616020399.jpg, https://ticketimage.interpark.com/Play/image/etc/24/24002840-02.jpg",영화의전당 하늘연극장(자세히),2024.11.27,,https://tickets.interpark.com/goods/24002844
2024 영화의전당 11시 음악회 7월 〈음악으로 영상에 맞춤옷을 입히다 : 스코어링의 미학〉,http://ticketimage.interpark.com/Play/image/large/24/24002893_p.gif,"https://ticketimage.interpark.com/240028932024/05/24/bc9c5256.jpg, https:https://ticketimage.interpark.com/Play/ITM/Data/Modify/2024/2/2024022811054258.jpg, https://ticketimage.interpark.com/Play/image/etc/24/24002840-02.jpg",영화의전당 하늘연극장(자세히),2024.07.31,,https://tickets.interpark.com/goods/24002893
2024 영화의전당 11시 음악회 8월 〈감독의 작품세계를 채색하다 PART I : 이명세〉,http://ticketimage.interpark.com/Play/image/large/24/24002840_p.gif,"https:https://ticketimage.interpark.com/Play/ITM/Data/Modify/2024/5/2024052415435520.jpg, https:https://ticketimage.interpark.com/Play/ITM/Data/Modify/2024/2/2024022616005255.jpg, https://ticketimage.interpark.com/Play/image/etc/24/24002840-02.jpg",영화의전당 하늘연극장(자세히),2024.08.28,,https://tickets.interpark.com/goods/24002840
2024 영화의전당 11시 음악회 9월 〈감독의 작품세계를 채색하다 PART II : 허진호〉,http://ticketimage.interpark.com/Play/image/large/24/24002824_p.gif,"https:https://ticketimage.interpark.com/Play/ITM/Data/Modify/2024/5/2024052415441026.jpg, https:https://ticketimage.interpark.com/Play/ITM/Data/Modify/2024/2/2024022616011913.jpg, https://ticketimage.interpark.com/Play/image/etc/24/24002840-02.jpg",영화의전당 하늘연극장(자세히),2024.09.25,,https://tickets.interpark.com/goods/24002824
2024 예술경영지원센터 지역맞춤형 중소규모 선정공연 ‘실험실 콘서트’ - 이천,http://ticketimage.interpark.com/Play/image/large/24/24008258_p.gif,"https://ticketimage.interpark.com/Play/image/etc/24/24008258-01.jpg, https://ticketimage.interpark.com/Play/image/etc/24/24008258-02.jpg",이천아트홀 소공연장(자세히),2024.08.31,,https://tickets.interpark.com/goods/24008258
"2024 오누이 “우리들의 학창시절” 〈김용임,진성〉 - 목포",http://ticketimage.interpark.com/Play/image/large/24/24007504_p.gif,https://ticketimage.interpark.com/Play/image/etc/24/24007504-01.jpg,목포시민문화체육센터 대공연장(자세히),2024.07.27,"김용임, 진성",https://tickets.interpark.com/goods/24007504
"2024 오누이 “우리들의 학창시절” 〈김용임,진성〉 - 제주도",http://ticketimage.interpark.com/Play/image/large/24/24008662_p.gif,https://ticketimage.interpark.com/Play/image/etc/24/24008662-01.jpg,제주 한라아트홀(자세히),2024.09.07,"김용임, 진성",https://tickets.interpark.com/goods/24008662
2024 오은영의 더할나위없이 ［날마다 당당당］ - 광주,http://ticketimage.interpark.com/Play/image/large/24/24007335_p.gif,https://ticketimage.interpark.com/Play/image/etc/24/24007335-01.jpg,광주예술의전당 대극장(자세히),2024.07.14,오은영,https://tickets.interpark.com/goods/24007335
2024 월간뮤지크 〈소란〉,http://ticketimage.interpark.com/Play/image/large/24/24007135_p.gif,"https:https://ticketimage.interpark.com/Play/ITM/Data/Detail/2024/5/2024051614131514.jpg, https://ticketimage.interpark.com/Play/image/etc/24/24007135-01.jpg",양천문화회관 대극장(자세히),2024.06.29,소란,https://tickets.interpark.com/goods/24007135
2024 월간뮤지크 〈어게인 싱어〉,http://ticketimage.interpark.com/TicketImage/main/common/mobile/noimage_vtc.jpg,https:https://ticketimage.interpark.com/Play/ITM/Data/Detail/2024/6/2024061109354726.jpg,양천문화회관 대극장(자세히),2024.07.31,정동화,https://tickets.interpark.com/goods/24009159
2024 윤성 단독 콘서트 ‘미소’,http://ticketimage.interpark.com/Play/image/large/24/24007579_p.gif,https://ticketimage.interpark.com/Play/image/etc/24/24007579-02.jpg,JTN 아트홀 2관(자세히),2024.06.18 ~2024.08.27,윤성,https://tickets.interpark.com/goods/24007579
2024 이승철 신곡발매기념 콘서트 “Rock‘n All” - 대전,http://ticketimage.interpark.com/Play/image/large/24/24006048_p.gif,https://ticketimage.interpark.com/Play/image/etc/24/24006048-06.jpg,충남대학교 정심화홀(자세히),2024.07.20,,https://tickets.interpark.com/goods/24006048
2024 이승철 신곡발매기념 콘서트 “Rock’n All” - 대구,http://ticketimage.interpark.com/Play/image/large/24/24006036_p.gif,https://ticketimage.interpark.com/Play/image/etc/24/24006036-06.jpg,영남대학교 천마아트센터 그랜드홀(자세히),2024.07.13,이승철,https://tickets.interpark.com/goods/24006036
2024 이승철 신곡발매기념 콘서트 “Rock’n All” - 부산,http://ticketimage.interpark.com/Play/image/large/24/24008175_p.gif,https://ticketimage.interpark.com/Play/image/etc/24/24008175-04.jpg,부산 드림씨어터(자세히),2024.08.17,,https://tickets.interpark.com/goods/24008175
2024 이승철 신곡발매기념 콘서트 “Rock’n All” - 서울,http://ticketimage.interpark.com/Play/image/large/24/24008535_p.gif,"https://ticketimage.interpark.com/Play/image/etc/24/24008535-02.jpg, https://ticketimage.interpark.com/Play/image/etc/24/24008535-01.jpg",올림픽공원 올림픽홀(자세히),2024.06.29 ~2024.06.30,,https://tickets.interpark.com/goods/24008535
2024 이승철 신곡발매기념 콘서트 “Rock’n All” - 인천,http://ticketimage.interpark.com/Play/image/large/24/24008320_p.gif,https://ticketimage.interpark.com/Play/image/etc/24/24008320-01.jpg,인스파이어 아레나(자세히),2024.07.27,,https://tickets.interpark.com/goods/24008320
2024 이승철 신곡발매기념 콘서트 “Rock’n All” - 창원,http://ticketimage.interpark.com/Play/image/large/24/24006899_p.gif,https://ticketimage.interpark.com/Play/image/etc/24/24006899-02.jpg,성산아트홀 대극장(자세히),2024.07.06,,https://tickets.interpark.com/goods/24006899
2024 이승철 신곡발매기념 콘서트 “Rock’n All” - 춘천,http://ticketimage.interpark.com/Play/image/large/24/24008274_p.gif,https://ticketimage.interpark.com/Play/image/etc/24/24008274-03.jpg,춘천 강원대학교 백령아트센터(자세히),2024.09.21,이승철,https://tickets.interpark.com/goods/24008274
2024 임한별의 별(別) 전국투어 콘서트 〈시작〉 in 고양,http://ticketimage.interpark.com/Play/image/large/24/24006633_p.gif,"https:https://ticketimage.interpark.com/Play/ITM/Data/Modify/2024/5/2024051414580720.jpg, https://ticketimage.interpark.com/Play/image/etc/24/24006633-02.jpg",고양어울림누리 어울림극장(자세히),2024.07.20 ~2024.07.21,임한별,https://tickets.interpark.com/goods/24006633
2024 임한별의 별(別) 전국투어 콘서트 〈시작〉 in 광주,http://ticketimage.interpark.com/Play/image/large/24/24006685_p.gif,"https:https://ticketimage.interpark.com/Play/ITM/Data/Modify/2024/5/2024051610445467.jpg, https://ticketimage.interpark.com/Play/image/etc/24/24006685-01.jpg",광주예술의전당 대극장(자세히),2024.07.27 ~2024.07.28,임한별,https://tickets.interpark.com/goods/24006685
2024 임한별의 별(別) 전국투어 콘서트 〈시작〉 in 부산,http://ticketimage.interpark.com/Play/image/large/24/24006641_p.gif,"https://ticketimage.interpark.com/240066412024/06/04/15b61653.jpg, https://ticketimage.interpark.com/Play/image/etc/24/24006641-02.jpg",소향씨어터 신한카드홀(자세히),2024.07.13 ~2024.07.14,임한별,https://tickets.interpark.com/goods/24006641
2024 제레미 패션 ＆ 게이브 본독 내한공연,http://ticketimage.interpark.com/Play/image/large/24/24006993_p.gif,https://ticketimage.interpark.com/Play/image/etc/24/24006993-01.jpg,KT&G 상상마당 홍대 라이브홀(자세히),2024.08.04,,https://tickets.interpark.com/goods/24006993
2024 주현미 콘서트 〈The Original〉 - 김해,http://ticketimage.interpark.com/Play/image/large/24/24005036_p.gif,https://ticketimage.interpark.com/Play/image/etc/24/24005036-01.jpg,김해문화의전당 마루홀(자세히),2024.06.29,주현미,https://tickets.interpark.com/goods/24005036
2024 타임캡슐 슈퍼콘서트 전국투어 in 대전,http://ticketimage.interpark.com/Play/image/large/24/24004755_p.gif,"https://ticketimage.interpark.com/Play/image/etc/24/24004755-04.jpg, https://ticketimage.interpark.com/Play/image/etc/24/24004755-05.jpg, https://ticketimage.interpark.com/Play/image/etc/24/24004755-06.jpg",대전 목원대학교 특설무대(자세히),2024.07.13,,https://tickets.interpark.com/goods/24004755
2024 타임캡슐 슈퍼콘서트 전국투어 in 인천,http://ticketimage.interpark.com/Play/image/large/24/24004113_p.gif,"https://ticketimage.interpark.com/Play/image/etc/24/24004113-07.jpg, https://ticketimage.interpark.com/Play/image/etc/24/24004113-08.jpg, https://ticketimage.interpark.com/Play/image/etc/24/24004113-10.jpg",송도달빛축제공원(자세히),2024.06.29,,https://tickets.interpark.com/goods/24004113
2024 현역가왕 전국투어 콘서트 - 고양,http://ticketimage.interpark.com/Play/image/large/24/24004362_p.gif,https://ticketimage.interpark.com/Play/image/etc/24/24004362-04.jpg,고양체육관(자세히),2024.07.06,,https://tickets.interpark.com/goods/24004362
2024 현역가왕 전국투어 콘서트 - 대전,http://ticketimage.interpark.com/Play/image/large/24/24008700_p.gif,https://ticketimage.interpark.com/Play/image/etc/24/24008700-01.jpg,대전 컨벤션센터 제2전시장 2~4홀(자세히),2024.10.05,,https://tickets.interpark.com/goods/24008700
2024 현역가왕 전국투어 콘서트 - 부천,http://ticketimage.interpark.com/Play/image/large/24/24004862_p.gif,https://ticketimage.interpark.com/Play/image/etc/24/24004862-02.jpg,부천실내체육관(자세히),2024.08.03,,https://tickets.interpark.com/goods/24004862
2024 현역가왕 전국투어 콘서트 - 안동,http://ticketimage.interpark.com/Play/image/large/24/24004926_p.gif,https://ticketimage.interpark.com/Play/image/etc/24/24004926-04.jpg,안동체육관(자세히),2024.08.31,,https://tickets.interpark.com/goods/24004926
2024 현역가왕 전국투어 콘서트 - 울산,http://ticketimage.interpark.com/Play/image/large/24/24001759_p.gif,https://ticketimage.interpark.com/Play/image/etc/24/24001759-04.jpg,울산전시컨벤션센터(자세히),2024.07.20,,https://tickets.interpark.com/goods/24001759
2024 현역가왕 전국투어 콘서트 - 진주,http://ticketimage.interpark.com/Play/image/large/24/24004931_p.gif,https://ticketimage.interpark.com/Play/image/etc/24/24004931-03.jpg,진주실내체육관(자세히),2024.09.07,,https://tickets.interpark.com/goods/24004931
2024 현역가왕 전국투어 콘서트 - 천안,http://ticketimage.interpark.com/Play/image/large/24/24003985_p.gif,https://ticketimage.interpark.com/Play/image/etc/24/24003985-03.jpg,천안 유관순체육관(자세히),2024.07.13,,https://tickets.interpark.com/goods/24003985
2024 ByeonWooSeok Asia Fanmeeting Tour 〈SUMMER LETTER〉 in Seoul,http://ticketimage.interpark.com/Play/image/large/24/24007162_p.gif,https://ticketimage.interpark.com/Play/image/etc/24/24007162-02.jpg,장충체육관(자세히),2024.07.06 ~2024.07.07,변우석,https://tickets.interpark.com/goods/24007162
2024 DKB WORLD TOUR ［DARK STRANGE］ in SEOUL,http://ticketimage.interpark.com/Play/image/large/24/24008533_p.gif,https://ticketimage.interpark.com/Play/image/etc/24/24008533-04.jpg,건국대학교 새천년관 대공연장(자세히),2024.08.03,,https://tickets.interpark.com/goods/24008533
2024 HYNN(박혜원) 콘서트 〈하계 : 夏季〉,http://ticketimage.interpark.com/Play/image/large/24/24009086_p.gif,https://ticketimage.interpark.com/Play/image/etc/24/24009086-01.jpg,용산아트홀 대극장 미르(자세히),2024.07.26 ~2024.07.28,,https://tickets.interpark.com/goods/24009086
2024 JEONG SEWOON CONCERT 〈D.I.Y〉,http://ticketimage.interpark.com/Play/image/large/24/24006462_p.gif,https://ticketimage.interpark.com/Play/image/etc/24/24006462-03.jpg,명화 라이브홀(자세히),2024.06.29 ~2024.06.30,,https://tickets.interpark.com/goods/24006462
2024 KIMHYEYOON FANMEETING in SEOUL ［Hye-ppiness］,http://ticketimage.interpark.com/Play/image/large/24/24008815_p.gif,https://ticketimage.interpark.com/Play/image/etc/24/24008815-04.jpg,성신여대 운정그린캠퍼스 대강당(자세히),2024.07.13,,https://tickets.interpark.com/goods/24008815
2024 LEE MIN WOO FAN CON ‘Original Intention’,http://ticketimage.interpark.com/Play/image/large/24/24009023_p.gif,https://ticketimage.interpark.com/Play/image/etc/24/24009023-01.jpg,무신사 개러지(자세히),2024.07.27 ~2024.07.28,,https://tickets.interpark.com/goods/24009023
2024 PEPPERTONES CONCERT 〈Party Plenty〉 in 광주,http://ticketimage.interpark.com/Play/image/large/24/24006585_p.gif,https://ticketimage.interpark.com/Play/image/etc/24/24006585-01.jpg,문화공간 보헤미안(자세히),2024.07.14,,https://tickets.interpark.com/goods/24006585
2024 PEPPERTONES CONCERT 〈Party Plenty〉 in 대구,http://ticketimage.interpark.com/Play/image/large/24/24006808_p.gif,https://ticketimage.interpark.com/Play/image/etc/24/24006808-01.jpg,클럽헤비(자세히),2024.07.13,,https://tickets.interpark.com/goods/24006808
2024 PEPPERTONES CONCERT 〈Party Plenty〉 in 대전,http://ticketimage.interpark.com/Play/image/large/24/24006580_p.gif,https://ticketimage.interpark.com/Play/image/etc/24/24006580-02.jpg,대전음악창작소 다목적홀(자세히),2024.07.20,,https://tickets.interpark.com/goods/24006580
2024 PEPPERTONES CONCERT 〈Party Plenty〉 in 부산,http://ticketimage.interpark.com/Play/image/large/24/24006571_p.gif,https://ticketimage.interpark.com/Play/image/etc/24/24006571-03.jpg,소향씨어터 신한카드홀(자세히),2024.07.06,,https://tickets.interpark.com/goods/24006571
2024 PEPPERTONES CONCERT 〈Party Plenty〉 in 전주,http://ticketimage.interpark.com/Play/image/large/24/24006616_p.gif,https://ticketimage.interpark.com/Play/image/etc/24/24006616-01.jpg,더 뮤지션(자세히),2024.07.21,,https://tickets.interpark.com/goods/24006616
2024 SVT 8TH FAN MEETING 〈SEVENTEEN in CARAT LAND〉,http://ticketimage.interpark.com/Play/image/large/24/24008203_p.gif,https://ticketimage.interpark.com/Play/image/etc/24/24008203-01.jpg,고척스카이돔(자세히),2024.07.23 ~2024.07.24,세븐틴,https://tickets.interpark.com/goods/24008203
2024 TAEMIN FANMEETING ［Never-Never］,http://ticketimage.interpark.com/Play/image/large/24/24008035_p.gif,https://ticketimage.interpark.com/Play/image/etc/24/24008035-05.jpg,장충체육관(자세히),2024.07.12 ~2024.07.14,태민,https://tickets.interpark.com/goods/24008035
2024조선의 사랑꾼 원혁 첫 단독콘서트 - 인천,http://ticketimage.interpark.com/Play/image/large/24/24007650_p.gif,https://ticketimage.interpark.com/Play/image/etc/24/24007650-01.jpg,인천 송도 센트럴파크호텔 다이아몬드홀(자세히),2024.07.27,,https://tickets.interpark.com/goods/24007650
78LIVE - 정수민,http://ticketimage.interpark.com/Play/image/large/24/24007988_p.gif,https://ticketimage.interpark.com/Play/image/etc/24/24007988-01.jpg,엠피엠지 2층 LOUNGE M.(자세히),2024.07.11,,https://tickets.interpark.com/goods/24007988
78LIVE - AVOKID,http://ticketimage.interpark.com/Play/image/large/24/24008656_p.gif,https://ticketimage.interpark.com/Play/image/etc/24/24008656-01.jpg,엠피엠지 2층 LOUNGE M.(자세히),2024.07.18,,https://tickets.interpark.com/goods/24008656
7월 목요예술무대 〈한웅원 밴드 with 유태평양〉,http://ticketimage.interpark.com/Play/image/large/24/24007921_p.gif,"https:https://ticketimage.interpark.com/Play/ITM/Data/Modify/2024/6/2024060411412571.jpg, https://ticketimage.interpark.com/Play/image/etc/24/24007921-01.jpg",강동아트센터 대극장 한강(자세히),2024.07.04,,https://tickets.interpark.com/goods/24007921
"강남문화재단 제982회 목요예술무대 〈Accor－diem in Europe－유럽, 어디까지 가봤니？〉",http://ticketimage.interpark.com/Play/image/large/24/24008777_p.gif,"https://ticketimage.interpark.com/Play/image/etc/24/24008777-01.jpg, https://ticketimage.interpark.com/Play/image/etc/24/24008777-02.jpg",강남씨어터(자세히),2024.07.11,,https://tickets.interpark.com/goods/24008777
강아솔 뮤직＆북 콘서트 〈사랑에 진 사람들〉,http://ticketimage.interpark.com/Play/image/large/24/24008315_p.gif,https://ticketimage.interpark.com/Play/image/etc/24/24008315-01.jpg,오류아트홀(자세히),2024.07.13,,https://tickets.interpark.com/goods/24008315
그린캠프페스티벌 2024 - 인천,http://ticketimage.interpark.com/Play/image/large/24/24007718_p.gif,"https://ticketimage.interpark.com/Play/image/etc/24/24008915-01.jpg, https://ticketimage.interpark.com/Play/image/etc/24/24007718-04.jpg, https://ticketimage.interpark.com/Play/image/etc/24/24007718-05.jpg, https://ticketimage.interpark.com/Play/image/etc/24/24007718-06.jpg",송도달빛축제공원(자세히),2024.09.28 ~2024.09.29,,https://tickets.interpark.com/goods/24007718
그린캠프페스티벌 2024 - 캠핑권,http://ticketimage.interpark.com/Play/image/large/24/24008915_p.gif,"https://ticketimage.interpark.com/Play/image/etc/24/24008915-01.jpg, https://ticketimage.interpark.com/Play/image/etc/24/24008915-02.jpg, https://ticketimage.interpark.com/Play/image/etc/24/24008915-03.jpg, https://ticketimage.interpark.com/Play/image/etc/24/24008915-04.jpg",송도달빛축제공원(자세히),2024.09.28 ~2024.09.29,,https://tickets.interpark.com/goods/24008915
김경현 Rock이 빛나는 밤에 - 전주,http://ticketimage.interpark.com/Play/image/large/24/24007779_p.gif,https://ticketimage.interpark.com/Play/image/etc/24/24007779-01.jpg,한국전통문화전당(자세히),2024.06.29,김경현,https://tickets.interpark.com/goods/24007779
김꽃 10주년 기념 공연 ［나의 정원으로 와요］,http://ticketimage.interpark.com/Play/image/large/24/24008900_p.gif,https://ticketimage.interpark.com/Play/image/etc/24/24008900-01.jpg,구름아래소극장(자세히),2024.07.13,,https://tickets.interpark.com/goods/24008900
김아름 1st 단독 콘서트 썸머 시티,http://ticketimage.interpark.com/Play/image/large/24/24008801_p.gif,https://ticketimage.interpark.com/Play/image/etc/24/24008801-01.jpg,언더스테이지(자세히),2024.08.03,김아름,https://tickets.interpark.com/goods/24008801
김오키 새턴발라드 〈러브 인 새턴〉 _싱크넥스트24,http://ticketimage.interpark.com/Play/image/large/P0/P0003859_p.gif,"https://ticketimage.interpark.com/P00038592024/05/16/d34401c7.jpg, https://ticketimage.interpark.com/P00038592024/05/16/bac74164.jpg, https://ticketimage.interpark.com/Play/image/etc/24/P0003859-05.jpg",세종문화회관 S씨어터(자세히),2024.07.05 ~2024.07.06,김오키,https://tickets.interpark.com/goods/P0003859
김유진 EXTRAORDINARY,http://ticketimage.interpark.com/Play/image/large/24/24007212_p.gif,https://ticketimage.interpark.com/Play/image/etc/24/24007212-06.jpg,벨로주 홍대(자세히),2024.06.29,,https://tickets.interpark.com/goods/24007212
김정민 전국투어 콘서트 : LIVE STAR - 대구,http://ticketimage.interpark.com/Play/image/large/24/24007893_p.gif,https://ticketimage.interpark.com/Play/image/etc/24/24007893-01.jpg,대구보건대학교 인당아트홀(자세히),2024.07.28,,https://tickets.interpark.com/goods/24007893
김준수 〈창(唱)：꿈꾸다〉,http://ticketimage.interpark.com/Play/image/large/24/24007586_p.gif,"https://ticketimage.interpark.com/240075862024/05/27/975282ea.jpg, https://ticketimage.interpark.com/240075862024/06/27/3fd582a6.jpg, https://ticketimage.interpark.com/Play/image/etc/24/24007586-02.jpg, https://ticketimage.interpark.com/Play/image/etc/24/24007535-02.jpg",국립극장 하늘극장(자세히),2024.07.26 ~2024.07.27,김준수,https://tickets.interpark.com/goods/24007586
나상현씨밴드 클럽투어 ‘여름빛 2024’ - 광주,http://ticketimage.interpark.com/Play/image/large/24/24007315_p.gif,"https://ticketimage.interpark.com/Play/image/etc/24/24007315-03.jpg, https://ticketimage.interpark.com/Play/image/etc/24/24007315-02.jpg",부드러운 직선(자세히),2024.07.13,,https://tickets.interpark.com/goods/24007315
나상현씨밴드 클럽투어 ‘여름빛 2024’ - 대구,http://ticketimage.interpark.com/Play/image/large/24/24007312_p.gif,"https://ticketimage.interpark.com/Play/image/etc/24/24007312-04.jpg, https://ticketimage.interpark.com/Play/image/etc/24/24007312-02.jpg",라이브홀 락왕(자세히),2024.07.06,,https://tickets.interpark.com/goods/24007312
나상현씨밴드 클럽투어 ‘여름빛 2024’ - 부산,http://ticketimage.interpark.com/Play/image/large/24/24007502_p.gif,"https://ticketimage.interpark.com/Play/image/etc/24/24007502-04.jpg, https://ticketimage.interpark.com/Play/image/etc/24/24007502-02.jpg",KT&G 상상마당 부산 라이브홀(자세히),2024.07.07,나상현씨밴드,https://tickets.interpark.com/goods/24007502
나상현씨밴드 클럽투어 ‘여름빛 2024’ - 서울,http://ticketimage.interpark.com/Play/image/large/24/24007321_p.gif,"https://ticketimage.interpark.com/Play/image/etc/24/24007321-03.jpg, https://ticketimage.interpark.com/Play/image/etc/24/24007321-02.jpg",무신사 개러지(자세히),2024.07.20 ~2024.07.21,,https://tickets.interpark.com/goods/24007321
나상현씨밴드 클럽투어 ‘여름빛 2024’ - 전주,http://ticketimage.interpark.com/Play/image/large/24/24007196_p.gif,"https://ticketimage.interpark.com/Play/image/etc/24/24007196-03.jpg, https://ticketimage.interpark.com/Play/image/etc/24/24007196-02.jpg",더뮤지션(자세히),2024.07.14,,https://tickets.interpark.com/goods/24007196
나상현씨밴드 클럽투어 ‘여름빛 2024’ - 제주,http://ticketimage.interpark.com/Play/image/large/24/24007275_p.gif,"https://ticketimage.interpark.com/Play/image/etc/24/24007275-04.jpg, https://ticketimage.interpark.com/Play/image/etc/24/24007275-03.jpg",플레이스 캠프 제주(자세히),2024.07.27,,https://tickets.interpark.com/goods/24007275
"다섯손가락 2024 콘서트 ‘다시, 함께’",http://ticketimage.interpark.com/Play/image/large/24/24007400_p.gif,https://ticketimage.interpark.com/Play/image/etc/24/24007400-03.jpg,홍대 구름아래소극장(자세히),2024.07.06 ~2024.07.07,,https://tickets.interpark.com/goods/24007400
대한민국 재즈디바 말로밴드  콘서트－인천,http://ticketimage.interpark.com/Play/image/large/24/24008791_p.gif,https://ticketimage.interpark.com/Play/image/etc/24/24008791-01.jpg,지샵하우스(자세히),2024.07.18,,https://tickets.interpark.com/goods/24008791
디깅라이브세종 〈EP.9 전진희〉 - 세종,http://ticketimage.interpark.com/Play/image/large/24/24004458_p.gif,https://ticketimage.interpark.com/Play/image/etc/24/24004458-02.jpg,세종음악창작소 누리락(자세히),2024.06.29,전진희,https://tickets.interpark.com/goods/24004458
로이킴＆소란 - 부산,http://ticketimage.interpark.com/Play/image/large/24/24005193_p.gif,https://ticketimage.interpark.com/Play/image/etc/24/24005193-02.jpg,부산시민회관 대극장(자세히),2024.07.27,"소란, 로이킴",https://tickets.interpark.com/goods/24005193
리치맨과 그루브나이스 1st 정규 앨범 SHOWCASE CONCERT,http://ticketimage.interpark.com/Play/image/large/24/24007593_p.gif,https://ticketimage.interpark.com/Play/image/etc/24/24007593-01.jpg,현대카드 언더스테이지(자세히),2024.07.06,,https://tickets.interpark.com/goods/24007593
마이 앤트 메리 단독 공연 - 2024 JUST POP,http://ticketimage.interpark.com/Play/image/large/24/24007489_p.gif,https://ticketimage.interpark.com/Play/image/etc/24/24007489-01.jpg,무신사 개러지(자세히),2024.07.13,마이앤트메리,https://tickets.interpark.com/goods/24007489
말로 x 카리나 네뷸라 - 재즈 콘서트 굿 매치(Good Match) - 거제,http://ticketimage.interpark.com/Play/image/large/24/24008526_p.gif,https://ticketimage.interpark.com/Play/image/etc/24/24008526-02.jpg,거제문화예술회관 소극장(자세히),2024.07.20,,https://tickets.interpark.com/goods/24008526
맷 말티스 내한공연 Matt Maltese LIVE IN SEOUL,http://ticketimage.interpark.com/Play/image/large/24/24007300_p.gif,https://ticketimage.interpark.com/Play/image/etc/24/24007300-01.jpg,무신사 개러지(자세히),2024.11.08,,https://tickets.interpark.com/goods/24007300
메이킴 〈장면들(Sceneries)〉,http://ticketimage.interpark.com/Play/image/large/24/24007658_p.gif,"https://ticketimage.interpark.com/240076582024/05/28/a2ca3d69.jpg, https://ticketimage.interpark.com/240076582024/06/27/5a893f64.jpg, https://ticketimage.interpark.com/Play/image/etc/24/24007658-01.jpg, https://ticketimage.interpark.com/Play/image/etc/24/24007617-01.jpg",국립극장 달오름극장(자세히),2024.07.27,,https://tickets.interpark.com/goods/24007658
메타코미디 〈코미디 어셈블: 만담〉 _싱크넥스트24,http://ticketimage.interpark.com/Play/image/large/P0/P0003874_p.gif,"https://ticketimage.interpark.com/P00038742024/05/16/e47c4c9f.jpg, https://ticketimage.interpark.com/P00038742024/05/16/9fa1ee30.jpg, https://ticketimage.interpark.com/Play/image/etc/24/P0003874-05.jpg",세종문화회관 S씨어터(자세히),2024.08.15,,https://tickets.interpark.com/goods/P0003874
메타코미디 〈코미디 어셈블: 스탠드업〉 _싱크넥스트24,http://ticketimage.interpark.com/Play/image/large/P0/P0003873_p.gif,"https://ticketimage.interpark.com/P00038732024/05/16/209f6e51.jpg, https://ticketimage.interpark.com/P00038732024/05/16/77e1c4ef.jpg, https://ticketimage.interpark.com/Play/image/etc/24/P0003873-05.jpg",세종문화회관 S씨어터(자세히),2024.08.16 ~2024.08.17,,https://tickets.interpark.com/goods/P0003873
메타코미디 Stand Up Assemble- 24＇tour - 부산,http://ticketimage.interpark.com/Play/image/large/24/24006572_p.gif,https://ticketimage.interpark.com/Play/image/etc/24/24006572-04.jpg,소향씨어터 신한카드홀(자세히),2024.08.03,,https://tickets.interpark.com/goods/24006572
명가의 초대－김도향 데뷔 55주년 기념 콘서트,http://ticketimage.interpark.com/Play/image/large/24/24007913_p.gif,"https://ticketimage.interpark.com/Play/image/etc/24/24007913-02.jpg, https://ticketimage.interpark.com/Play/image/etc/24/24007913-03.jpg",삼익악기 엠팟홀(자세히),2024.06.29,김도향,https://tickets.interpark.com/goods/24007913
명가의 초대－김마스타 데뷔 20주년 기념 공연 Vol.2,http://ticketimage.interpark.com/Play/image/large/24/24008351_p.gif,https://ticketimage.interpark.com/Play/image/etc/24/24008351-01.jpg,삼익악기 엠팟홀(자세히),2024.07.13,김마스타,https://tickets.interpark.com/goods/24008351
명가의 초대－이용주 버라이어티쇼 〈Summer Party〉,http://ticketimage.interpark.com/Play/image/large/24/24008350_p.gif,https://ticketimage.interpark.com/Play/image/etc/24/24008350-01.jpg,삼익악기 엠팟홀(자세히),2024.07.20,,https://tickets.interpark.com/goods/24008350
모브닝 앵콜 단독 콘서트 〈한숨의 모양〉 - 부산,http://ticketimage.interpark.com/Play/image/large/24/24008896_p.gif,"https://ticketimage.interpark.com/Play/image/etc/24/24008896-01.jpg, https://ticketimage.interpark.com/Play/image/etc/24/24008896-03.jpg",KT&G 상상마당 부산 라이브홀(자세히),2024.07.13,,https://tickets.interpark.com/goods/24008896
뮤지컬 갈라콘서트 〈영웅들의 하모니〉 - 연천,http://ticketimage.interpark.com/Play/image/large/24/24009161_p.gif,https://ticketimage.interpark.com/Play/image/etc/24/24009161-01.jpg,연천수레울아트홀 대공연장(자세히),2024.08.17,,https://tickets.interpark.com/goods/24009161
미나 오카베 내한공연 MINA OKABE LIVE IN SEOUL,http://ticketimage.interpark.com/Play/image/large/24/24007137_p.gif,https://ticketimage.interpark.com/Play/image/etc/24/24007137-01.jpg,무신사 개러지(자세히),2024.08.22,,https://tickets.interpark.com/goods/24007137
밍기뉴 단독 콘서트 〈한여름밤의 꿈〉,http://ticketimage.interpark.com/Play/image/large/24/24007908_p.gif,https://ticketimage.interpark.com/Play/image/etc/24/24007908-02.jpg,무신사 개러지(자세히),2024.07.14,밍기뉴,https://tickets.interpark.com/goods/24007908
박강수 서울정기공연,http://ticketimage.interpark.com/Play/image/large/24/24009313_p.gif,"https://ticketimage.interpark.com/Play/image/etc/24/24009313-01.jpg, https://ticketimage.interpark.com/Play/image/etc/23/23007077-02.jpg, https://ticketimage.interpark.com/Play/image/etc/24/24009313-02.jpg, https://ticketimage.interpark.com/Play/image/etc/23/23009848-04.jpg",베짱이홀(자세히),2024.07.21,,https://tickets.interpark.com/goods/24009313
박강수 전주 콘서트,http://ticketimage.interpark.com/Play/image/large/24/24007405_p.gif,"https://ticketimage.interpark.com/Play/image/etc/24/24007405-01.jpg, https://ticketimage.interpark.com/Play/image/etc/23/23007077-02.jpg, https://ticketimage.interpark.com/Play/image/etc/24/24007405-02.jpg",우진문화공간(자세히),2024.07.07,박강수,https://tickets.interpark.com/goods/24007405
박시환 FANMEETING ＆ CONCERT - 제주,http://ticketimage.interpark.com/Play/image/large/24/24007614_p.gif,https://ticketimage.interpark.com/Play/image/etc/24/24007614-01.jpg,오드싱제주 스테이지(자세히),2024.07.27,,https://tickets.interpark.com/goods/24007614
박우재 〈오：O〉,http://ticketimage.interpark.com/Play/image/large/24/24007603_p.gif,"https:https://ticketimage.interpark.com/Play/ITM/Data/Modify/2024/5/2024052810235144.jpg, https:https://ticketimage.interpark.com/Play/ITM/Data/Modify/2024/6/2024062708013421.jpg, https://ticketimage.interpark.com/Play/image/etc/24/24007603-01.jpg, https://ticketimage.interpark.com/Play/image/etc/24/24007535-02.jpg",국립극장 하늘극장(자세히),2024.07.04,박우재,https://tickets.interpark.com/goods/24007603
박인선 〈박인선 쇼〉,http://ticketimage.interpark.com/Play/image/large/24/24007551_p.gif,"https:https://ticketimage.interpark.com/Play/ITM/Data/Modify/2024/5/2024052810385050.jpg, https:https://ticketimage.interpark.com/Play/ITM/Data/Modify/2024/6/2024062708060402.jpg, https://ticketimage.interpark.com/Play/image/etc/24/24007551-01.jpg, https://ticketimage.interpark.com/Play/image/etc/24/24007617-01.jpg",국립극장 달오름극장(자세히),2024.07.24,,https://tickets.interpark.com/goods/24007551
박인희 앵콜＂ 콘서트,http://ticketimage.interpark.com/Play/image/large/24/24007332_p.gif,https://ticketimage.interpark.com/Play/image/etc/24/24007332-02.jpg,연세대학교 대강당(자세히),2024.09.21,,https://tickets.interpark.com/goods/24007332
반도네온 듀오 Pasquale Stafano ＆ Gianni Iorio,http://ticketimage.interpark.com/Play/image/large/24/24009135_p.gif,https://ticketimage.interpark.com/Play/image/etc/24/24009135-01.jpg,벨로주 홍대(자세히),2024.07.14,,https://tickets.interpark.com/goods/24009135
반석산피크닉: 디어재즈오케스트라 with 선우정아 - 화성,http://ticketimage.interpark.com/Play/image/large/24/24008798_p.gif,https://ticketimage.interpark.com/Play/image/etc/24/24008798-01.jpg,동탄복합문화센터 야외공연장(자세히),2024.09.07,,https://tickets.interpark.com/goods/24008798
반석산피크닉: 미야자키하야오 영화음악 콘서트 - 화성,http://ticketimage.interpark.com/Play/image/large/24/24008799_p.gif,https://ticketimage.interpark.com/Play/image/etc/24/24008799-01.jpg,동탄복합문화센터 야외공연장(자세히),2024.09.14,,https://tickets.interpark.com/goods/24008799
밤하늘의 별들처럼 그 어떤 꿈들도 다 이뤄질 거야 - 하남,http://ticketimage.interpark.com/Play/image/large/24/24008551_p.gif,https://ticketimage.interpark.com/Play/image/etc/24/24008551-02.jpg,하남문화예술회관 소극장(아랑홀)(자세히),2024.08.31,,https://tickets.interpark.com/goods/24008551
방지원 〈잔향：나무의 노래〉,http://ticketimage.interpark.com/Play/image/large/24/24007520_p.gif,"https://ticketimage.interpark.com/240075202024/05/28/182674f4.jpg, https://ticketimage.interpark.com/240075202024/06/27/8541f366.jpg, https://ticketimage.interpark.com/Play/image/etc/24/24007520-02.jpg, https://ticketimage.interpark.com/Play/image/etc/24/24007535-02.jpg",국립극장 하늘극장(자세히),2024.07.12,,https://tickets.interpark.com/goods/24007520
변진섭 더 라이브,http://ticketimage.interpark.com/Play/image/large/24/24007927_p.gif,https://ticketimage.interpark.com/Play/image/etc/24/24007927-02.jpg,강서아트리움 아리홀(자세히),2024.07.06,,https://tickets.interpark.com/goods/24007927
보사노바 ＆ 탱고 재즈 나잇 - 과천,http://ticketimage.interpark.com/Play/image/large/24/24009046_p.gif,https://ticketimage.interpark.com/Play/image/etc/24/24009046-01.jpg,과천시민회관 대극장(자세히),2024.07.20,,https://tickets.interpark.com/goods/24009046
브런치콘서트 ［11시11분］피렌체,http://ticketimage.interpark.com/Play/image/large/24/24008361_p.gif,https://ticketimage.interpark.com/Play/image/etc/24/24008361-01.jpg,꿈빛극장(자세히),2024.07.26,,https://tickets.interpark.com/goods/24008361
블랙홀 부산 콘서트,http://ticketimage.interpark.com/Play/image/large/24/24008285_p.gif,https://ticketimage.interpark.com/Play/image/etc/24/24008285-01.jpg,KT&G상상마당부산(자세히),2024.06.29,블랙홀,https://tickets.interpark.com/goods/24008285
빈첸 PADO vol.4 - 부산,http://ticketimage.interpark.com/Play/image/large/24/24009077_p.gif,https://ticketimage.interpark.com/Play/image/etc/24/24009077-01.jpg,KT&G 상상마당 부산 라이브홀(자세히),2024.08.03,,https://tickets.interpark.com/goods/24009077
사샤 알렉스 슬론 내한공연：“Me Again” Tour,http://ticketimage.interpark.com/Play/image/large/24/24007372_p.gif,https://ticketimage.interpark.com/Play/image/etc/24/24007372-02.jpg,명화 라이브 홀(자세히),2024.09.01,사샤 알렉스 슬론,https://tickets.interpark.com/goods/24007372
서울전자음악단 원주공연,http://ticketimage.interpark.com/Play/image/large/24/24007057_p.gif,https://ticketimage.interpark.com/Play/image/etc/24/24007057-02.jpg,클럽 본(자세히),2024.07.12,서울전자음악단,https://tickets.interpark.com/goods/24007057
손태진 ＆ 에녹 콘서트 in 대구,http://ticketimage.interpark.com/Play/image/large/24/24005143_p.gif,https://ticketimage.interpark.com/Play/image/etc/24/24005143-04.jpg,대구 엑스코 오디토리움(자세히),2024.07.13,"에녹, 손태진",https://tickets.interpark.com/goods/24005143
손태진 ＆ 에녹 콘서트 in 대전,http://ticketimage.interpark.com/Play/image/large/24/24005129_p.gif,https://ticketimage.interpark.com/Play/image/etc/24/24005129-04.jpg,충남대학교 정심화홀(자세히),2024.08.03,,https://tickets.interpark.com/goods/24005129
손태진 ＆ 에녹 콘서트 in 부산,http://ticketimage.interpark.com/Play/image/large/24/24005237_p.gif,https://ticketimage.interpark.com/Play/image/etc/24/24005237-02.jpg,부산시민회관 대극장(자세히),2024.07.20,"에녹, 손태진",https://tickets.interpark.com/goods/24005237
손태진 ＆ 에녹 콘서트 in 수원,http://ticketimage.interpark.com/Play/image/large/24/24005568_p.gif,https://ticketimage.interpark.com/Play/image/etc/24/24005568-01.jpg,경기아트센터 대극장(자세히),2024.07.27,,https://tickets.interpark.com/goods/24005568
송소희 〈공중무용：화간접무(花間蝶舞)〉,http://ticketimage.interpark.com/Play/image/large/24/24007649_p.gif,"https://ticketimage.interpark.com/240076492024/05/28/d4fca1ec.jpg, https://ticketimage.interpark.com/240076492024/06/27/e42b37ff.jpg, https://ticketimage.interpark.com/Play/image/etc/24/24007649-01.jpg, https://ticketimage.interpark.com/Play/image/etc/24/24007617-01.jpg",국립극장 달오름극장(자세히),2024.07.13 ~2024.07.14,,https://tickets.interpark.com/goods/24007649
슬기로운 밴드공연 SUPER ROCK(청주공연),http://ticketimage.interpark.com/Play/image/large/24/24008887_p.gif,https://ticketimage.interpark.com/Play/image/etc/24/24008887-01.jpg,지직공연장(자세히),2024.07.07,,https://tickets.interpark.com/goods/24008887
쏜애플 콘서트 ＇불구경＇,http://ticketimage.interpark.com/Play/image/large/L0/L0000087_p.gif,https://ticketimage.interpark.com/Play/image/etc/24/L0000087-01.jpg,LG아트센터 서울 U+ 스테이지(자세히),2024.06.28 ~2024.07.07,쏜애플,https://tickets.interpark.com/goods/L0000087
안치환과 함께 하는 평화음악회－경기,http://ticketimage.interpark.com/Play/image/large/24/24009122_p.gif,"https://ticketimage.interpark.com/Play/image/etc/24/24009122-01.jpg, https://ticketimage.interpark.com/Play/image/etc/24/24009122-02.jpg, https://ticketimage.interpark.com/Play/image/etc/24/24009122-03.jpg",안성맞춤아트홀 대공연장(자세히),2024.07.20,안치환,https://tickets.interpark.com/goods/24009122
앰브로스 아킨무시리 첫 내한공연,http://ticketimage.interpark.com/Play/image/large/24/24007939_p.gif,"https://ticketimage.interpark.com/240079392024/06/12/b27d619d.jpg, https://ticketimage.interpark.com/Play/image/etc/24/24007939-01.jpg, https://ticketimage.interpark.com/Play/image/etc/24/24007939-02.jpg",CTS 아트홀(자세히),2024.07.27,,https://tickets.interpark.com/goods/24007939
야놀자 연동 테스트_비지정_콘서트,http://ticketimage.interpark.com/TicketImage/main/common/mobile/noimage_vtc.jpg,,임시공연장(자세히),2024.08.01 ~2024.09.30,,https://tickets.interpark.com/goods/24009277
오만방자 전라감사 길들이기 - 전주（토요일）,http://ticketimage.interpark.com/Play/image/large/24/24006173_p.gif,"https://ticketimage.interpark.com/Play/image/etc/24/24004923-03.jpg, https://ticketimage.interpark.com/Play/image/etc/24/24004923-04.jpg",전주한벽문화관 마당창극 야외공연장(자세히),2024.05.25 ~2024.10.12,,https://tickets.interpark.com/goods/24006173
오만방자 전라감사 길들이기－전주(금요일),http://ticketimage.interpark.com/Play/image/large/24/24004923_p.gif,"https://ticketimage.interpark.com/Play/image/etc/24/24004923-03.jpg, https://ticketimage.interpark.com/Play/image/etc/24/24004923-04.jpg",전주한벽문화관 마당창극 야외공연장(자세히),2024.05.24 ~2024.10.11,,https://tickets.interpark.com/goods/24004923
옥탑 재즈 II,http://ticketimage.interpark.com/Play/image/large/24/24003599_p.gif,https://ticketimage.interpark.com/Play/image/etc/24/24003599-01.jpg,아트센터인천 다목적홀(자세히),2024.07.26,,https://tickets.interpark.com/goods/24003599
옥탑 재즈 III,http://ticketimage.interpark.com/Play/image/large/24/24003645_p.gif,https://ticketimage.interpark.com/Play/image/etc/24/24003645-01.jpg,아트센터인천 다목적홀(자세히),2024.10.04,,https://tickets.interpark.com/goods/24003645
옥탑 재즈 IV,http://ticketimage.interpark.com/Play/image/large/24/24003644_p.gif,https://ticketimage.interpark.com/Play/image/etc/24/24003644-01.jpg,아트센터인천 다목적홀(자세히),2024.11.29,,https://tickets.interpark.com/goods/24003644
웅산과 함께하는 7월 여민락 콘서트 〈Volare〉 - 세종시,http://ticketimage.interpark.com/Play/image/large/24/24007780_p.gif,https://ticketimage.interpark.com/Play/image/etc/24/24007780-03.jpg,세종예술의전당(세종특별자치시)(자세히),2024.07.03,웅산,https://tickets.interpark.com/goods/24007780
워터밤 대구 2024,http://ticketimage.interpark.com/Play/image/large/24/24008449_p.gif,https://ticketimage.interpark.com/Play/image/etc/24/24008449-02.jpg,대구 스타디움 주경기장(자세히),2024.07.20,,https://tickets.interpark.com/goods/24008449
워터밤 부산 2024,http://ticketimage.interpark.com/Play/image/large/24/24008387_p.gif,https://ticketimage.interpark.com/Play/image/etc/24/24008387-03.jpg,북항친수공원 및 국제여객터미널 야외주차장(자세히),2024.07.27,,https://tickets.interpark.com/goods/24008387
워터밤 수원 2024,http://ticketimage.interpark.com/Play/image/large/24/24008427_p.gif,https://ticketimage.interpark.com/Play/image/etc/24/24008427-02.jpg,수원대학교 대운동장(자세히),2024.08.24,,https://tickets.interpark.com/goods/24008427
워터밤 여수 2024,http://ticketimage.interpark.com/Play/image/large/24/24008347_p.gif,https://ticketimage.interpark.com/Play/image/etc/24/24008347-01.jpg,여수 엑스포 스카이타워 해안가 특설무대(자세히),2024.08.31,,https://tickets.interpark.com/goods/24008347
워터밤 제주 2024,http://ticketimage.interpark.com/Play/image/large/24/24008471_p.gif,https://ticketimage.interpark.com/Play/image/etc/24/24008471-02.jpg,제주종합경기장(자세히),2024.07.13,,https://tickets.interpark.com/goods/24008471
원일 〈디오니소스 로봇：리부트〉,http://ticketimage.interpark.com/Play/image/large/24/24007628_p.gif,"https:https://ticketimage.interpark.com/Play/ITM/Data/Modify/2024/5/2024052810363221.jpg, https:https://ticketimage.interpark.com/Play/ITM/Data/Modify/2024/6/2024062708053909.jpg, https://ticketimage.interpark.com/Play/image/etc/24/24007628-01.jpg, https://ticketimage.interpark.com/Play/image/etc/24/24007617-01.jpg",국립극장 달오름극장(자세히),2024.07.19 ~2024.07.20,,https://tickets.interpark.com/goods/24007628
유니크 클래식 with 더 보이스,http://ticketimage.interpark.com/Play/image/large/24/24008391_p.gif,https://ticketimage.interpark.com/Play/image/etc/24/24008391-03.jpg,강북문화예술회관 강북진달래홀(자세히),2024.07.18,,https://tickets.interpark.com/goods/24008391
유라 〈꽤 많은 수의 촉수 돌기〉 _싱크넥스트24,http://ticketimage.interpark.com/Play/image/large/P0/P0003862_p.gif,"https://ticketimage.interpark.com/P00038622024/05/16/1dcb32ec.jpg, https://ticketimage.interpark.com/P00038622024/05/16/331099ba.jpg, https://ticketimage.interpark.com/Play/image/etc/24/P0003862-03.jpg",세종문화회관 S씨어터(자세히),2024.08.09 ~2024.08.10,유라,https://tickets.interpark.com/goods/P0003862
유럽의 대표 재즈현악5중주 〈볼로시 내한공연〉 - 부산,http://ticketimage.interpark.com/Play/image/large/24/24005258_p.gif,https://ticketimage.interpark.com/Play/image/etc/24/24005258-04.jpg,부산시민회관 대극장(자세히),2024.08.17,,https://tickets.interpark.com/goods/24005258
윤딴딴 투어 콘서트 ［딴딴한여름 2024］：부산,http://ticketimage.interpark.com/Play/image/large/24/24008835_p.gif,https://ticketimage.interpark.com/Play/image/etc/24/24008835-01.jpg,소향씨어터 신한카드홀(자세히),2024.08.17,윤딴딴,https://tickets.interpark.com/goods/24008835
윤딴딴 투어 콘서트 ［딴딴한여름 2024］：인천,http://ticketimage.interpark.com/Play/image/large/24/24008184_p.gif,https://ticketimage.interpark.com/Play/image/etc/24/24008184-01.jpg,부평아트센터 해누리 극장(자세히),2024.07.27,윤딴딴,https://tickets.interpark.com/goods/24008184
윤딴딴 투어 콘서트 ［딴딴한여름 2024］：제주,http://ticketimage.interpark.com/Play/image/large/24/24008437_p.gif,https://ticketimage.interpark.com/Play/image/etc/24/24008437-02.jpg,제주 한라아트홀(자세히),2024.08.03,윤딴딴,https://tickets.interpark.com/goods/24008437
윤은화 〈페이브(PAVE)〉,http://ticketimage.interpark.com/Play/image/large/24/24007618_p.gif,"https://ticketimage.interpark.com/240076182024/05/27/64ddcbd2.jpg, https://ticketimage.interpark.com/240076182024/06/27/e0d25abe.jpg, https://ticketimage.interpark.com/Play/image/etc/24/24007618-01.jpg, https://ticketimage.interpark.com/Play/image/etc/24/24007535-02.jpg",국립극장 하늘극장(자세히),2024.07.17,,https://tickets.interpark.com/goods/24007618
이금희와 함께하는 더 클래식 하우스 콘서트 - 용인,http://ticketimage.interpark.com/Play/image/large/24/24001986_p.gif,https://ticketimage.interpark.com/Play/image/etc/24/24001986-04.jpg,용인시문예회관 처인홀(자세히),2024.03.16 ~2024.11.23,이금희,https://tickets.interpark.com/goods/24001986
이두헌 원주 콘서트,http://ticketimage.interpark.com/Play/image/large/24/24007056_p.gif,https://ticketimage.interpark.com/Play/image/etc/24/24007056-01.jpg,클럽 본(자세히),2024.06.29,이두헌,https://tickets.interpark.com/goods/24007056
이준 〈경계면〉,http://ticketimage.interpark.com/Play/image/large/24/24007535_p.gif,"https:https://ticketimage.interpark.com/Play/ITM/Data/Detail/2024/5/2024052315380539.jpg, https:https://ticketimage.interpark.com/Play/ITM/Data/Modify/2024/6/2024062708024530.jpg, https://ticketimage.interpark.com/Play/image/etc/24/24007535-03.jpg, https://ticketimage.interpark.com/Play/image/etc/24/24007535-02.jpg",국립극장 하늘극장(자세히),2024.07.09,,https://tickets.interpark.com/goods/24007535
이태백 〈오리진 사운드(ORIGIN SOUND)〉,http://ticketimage.interpark.com/Play/image/large/24/24007606_p.gif,"https:https://ticketimage.interpark.com/Play/ITM/Data/Detail/2024/5/2024052315333101.jpg, https:https://ticketimage.interpark.com/Play/ITM/Data/Modify/2024/6/2024062708032649.jpg, https://ticketimage.interpark.com/Play/image/etc/24/24007606-02.jpg, https://ticketimage.interpark.com/Play/image/etc/24/24007617-01.jpg",국립극장 달오름극장(자세히),2024.07.10,,https://tickets.interpark.com/goods/24007606
인순이 콘서트 - 구리,http://ticketimage.interpark.com/Play/image/large/24/24008277_p.gif,"https://ticketimage.interpark.com/240082772024/06/12/e252e4d5.jpg, https://ticketimage.interpark.com/240082772024/06/12/04670626.jpg, https://ticketimage.interpark.com/Play/image/etc/24/24008277-01.jpg",구리아트홀 코스모스 대극장(자세히),2024.07.06,,https://tickets.interpark.com/goods/24008277
임채희 트리오＂Your Summer＂－세종,http://ticketimage.interpark.com/Play/image/large/24/24009090_p.gif,https://ticketimage.interpark.com/Play/image/etc/24/24009090-01.jpg,재즈인랩(자세히),2024.07.14,,https://tickets.interpark.com/goods/24009090
장기하 소극장 투어 “나란히 나란히” - 부산,http://ticketimage.interpark.com/Play/image/large/24/24006522_p.gif,https://ticketimage.interpark.com/Play/image/etc/24/24006522-03.jpg,전람회의 그림(자세히),2024.06.29 ~2024.06.30,,https://tickets.interpark.com/goods/24006522
장기하 소극장 투어 “나란히 나란히” - 속초,http://ticketimage.interpark.com/Play/image/large/24/24006552_p.gif,https://ticketimage.interpark.com/Play/image/etc/24/24006552-02.jpg,칠성조선소(자세히),2024.07.02,장기하,https://tickets.interpark.com/goods/24006552
장기하 소극장 투어 “나란히 나란히” - 앵콜,http://ticketimage.interpark.com/Play/image/large/24/24006827_p.gif,https://ticketimage.interpark.com/Play/image/etc/24/24006827-01.jpg,벨로주 홍대(자세히),2024.07.04 ~2024.07.07,,https://tickets.interpark.com/goods/24006827
"장사익소리판 꽃을 준다, 나에게",http://ticketimage.interpark.com/Play/image/large/P0/P0003900_p.gif,"https://ticketimage.interpark.com/Play/image/etc/24/P0003900-03.jpg, https://ticketimage.interpark.com/Play/image/etc/24/P0003900-02.jpg",세종문화회관 대극장(자세히),2024.10.23,장사익,https://tickets.interpark.com/goods/P0003900
장하은 콘서트 - 화성,http://ticketimage.interpark.com/Play/image/large/24/24008557_p.gif,https://ticketimage.interpark.com/Play/image/etc/24/24008557-01.jpg,모두누림센터 누림아트홀(자세히),2024.09.29,장하은,https://tickets.interpark.com/goods/24008557
재즈 와인에 빠지다 147th－부산,http://ticketimage.interpark.com/Play/image/large/24/24008192_p.gif,https://ticketimage.interpark.com/Play/image/etc/24/24008192-01.jpg,공간겟츠(자세히),2024.07.12,,https://tickets.interpark.com/goods/24008192
정아로 단독 콘서트［＆Half］－서울,http://ticketimage.interpark.com/Play/image/large/24/24007386_p.gif,https://ticketimage.interpark.com/Play/image/etc/24/24007386-02.jpg,클럽온에어(자세히),2024.06.29 ~2024.06.30,정아로,https://tickets.interpark.com/goods/24007386
"정태춘,박은옥 콘서트 - 전주",http://ticketimage.interpark.com/Play/image/large/24/24008282_p.gif,,전북대학교 삼성문화회관(자세히),2024.09.28,,https://tickets.interpark.com/goods/24008282
정튠 단독 공연 〈THE WORLD OF TUNIVERSE〉,http://ticketimage.interpark.com/Play/image/large/24/24008904_p.gif,https://ticketimage.interpark.com/Play/image/etc/24/24008904-02.jpg,플렉스라운지(자세히),2024.07.21,,https://tickets.interpark.com/goods/24008904
제19회 부산국제매직페스티벌 - 매직컨벤션 〈국제마술대회 FISM QC -CONTEST〉,http://ticketimage.interpark.com/Play/image/large/24/24007641_p.gif,"https:https://ticketimage.interpark.com/Play/ITM/Data/Detail/2024/5/2024052714220675.jpg, https:https://ticketimage.interpark.com/Play/ITM/Data/Detail/2024/5/2024052714215485.jpg, https:https://ticketimage.interpark.com/Play/ITM/Data/Detail/2024/5/2024052714215802.jpg, https://ticketimage.interpark.com/Play/image/etc/24/24007641-02.jpg",영화의전당 하늘연극장(자세히),2024.06.29 ~2024.06.30,,https://tickets.interpark.com/goods/24007641
제19회 부산국제매직페스티벌 - 매직컨벤션 〈매직 갈라쇼 MAGIC GALASHOW〉,http://ticketimage.interpark.com/Play/image/large/24/24007627_p.gif,"https:https://ticketimage.interpark.com/Play/ITM/Data/Detail/2024/5/2024052714071224.jpg, https:https://ticketimage.interpark.com/Play/ITM/Data/Detail/2024/5/2024052714072219.jpg, https:https://ticketimage.interpark.com/Play/ITM/Data/Detail/2024/5/2024052714072755.jpg, https://ticketimage.interpark.com/Play/image/etc/24/24007627-02.jpg",영화의전당 하늘연극장(자세히),2024.06.29 ~2024.06.30,,https://tickets.interpark.com/goods/24007627
제19회 부산국제매직페스티벌 - 매직컨벤션 〈챔피언쇼 CHAMPION SHOW〉,http://ticketimage.interpark.com/Play/image/large/24/24007642_p.gif,"https:https://ticketimage.interpark.com/Play/ITM/Data/Detail/2024/5/2024052714160213.jpg, https:https://ticketimage.interpark.com/Play/ITM/Data/Detail/2024/5/2024052714160507.jpg, https://ticketimage.interpark.com/Play/image/etc/24/24007642-01.jpg",영화의전당 하늘연극장(자세히),2024.06.30,,https://tickets.interpark.com/goods/24007642
조남열퀄텟 with 재즈보컬 김유진－경기,http://ticketimage.interpark.com/Play/image/large/24/24008755_p.gif,"https://ticketimage.interpark.com/Play/image/etc/24/24008755-01.jpg, https://ticketimage.interpark.com/Play/image/etc/24/24008755-02.jpg",구리아트홀 유채꽃 소극장(자세히),2024.07.13,,https://tickets.interpark.com/goods/24008755
지역 아티스트와 함께하는 K-클래식 콘서트 2 〈앙상블 원〉 - 천안,http://ticketimage.interpark.com/Play/image/large/24/24006814_p.gif,"https:https://ticketimage.interpark.com/Play/ITM/Data/Modify/2024/5/2024051311033657.jpg, https:https://ticketimage.interpark.com/Play/ITM/Data/Modify/2024/5/2024051311033998.jpg, https://ticketimage.interpark.com/Play/image/etc/24/24006814-03.jpg",천안예술의전당 소공연장(자세히),2024.07.12,,https://tickets.interpark.com/goods/24006814
지혜를 배우는 시간 〈대담한 대담〉 IV,http://ticketimage.interpark.com/Play/image/large/24/24002706_p.gif,https://ticketimage.interpark.com/Play/image/etc/24/24002706-01.jpg,아트센터인천 다목적홀(자세히),2024.07.18,,https://tickets.interpark.com/goods/24002706
지혜를 배우는 시간 〈대담한 대담〉 V,http://ticketimage.interpark.com/Play/image/large/24/24002198_p.gif,https://ticketimage.interpark.com/Play/image/etc/24/24002198-01.jpg,아트센터인천 다목적홀(자세히),2024.08.15,,https://tickets.interpark.com/goods/24002198
진성 30주년 기념 콘서트 〈진성 빅쇼〉 - 고양,http://ticketimage.interpark.com/Play/image/large/24/24006751_p.gif,https://ticketimage.interpark.com/Play/image/etc/24/24006751-02.jpg,고양아람누리 아람극장(자세히),2024.07.06,진성,https://tickets.interpark.com/goods/24006751
진성 30주년 기념 콘서트 〈진성 빅쇼〉 - 부산,http://ticketimage.interpark.com/Play/image/large/24/24008711_p.gif,https://ticketimage.interpark.com/Play/image/etc/24/24008711-01.jpg,벡스코 오디토리움(자세히),2024.09.21,진성,https://tickets.interpark.com/goods/24008711
커트 로젠윈클 The Next Step Band,http://ticketimage.interpark.com/Play/image/large/24/24008053_p.gif,https://ticketimage.interpark.com/Play/image/etc/24/24008053-02.jpg,광림아트센터 장천홀(자세히),2024.08.02,,https://tickets.interpark.com/goods/24008053
코난 그레이 내한공연,http://ticketimage.interpark.com/Play/image/large/24/24006288_p.gif,https://ticketimage.interpark.com/Play/image/etc/24/24006288-03.jpg,KBS 아레나(자세히),2024.09.06 ~2024.09.07,코난 그레이,https://tickets.interpark.com/goods/24006288
크랙샷 콘서트 〈We Are Crackshot vol.3〉,http://ticketimage.interpark.com/Play/image/large/24/24008668_p.gif,https://ticketimage.interpark.com/Play/image/etc/24/24008668-01.jpg,꿈빛극장(자세히),2024.07.06,크랙샷,https://tickets.interpark.com/goods/24008668
크리스 제임스 내한공연,http://ticketimage.interpark.com/Play/image/large/24/24005900_p.gif,https://ticketimage.interpark.com/Play/image/etc/24/24005900-01.jpg,무신사 개러지(자세히),2024.08.24,,https://tickets.interpark.com/goods/24005900
토리 켈리 내한공연 (TORI KELLY Live in Seoul),http://ticketimage.interpark.com/Play/image/large/24/24007636_p.gif,https://ticketimage.interpark.com/Play/image/etc/24/24007636-01.jpg,명화 라이브 홀(자세히),2024.08.27,,https://tickets.interpark.com/goods/24007636
트로이카 오리지날 라이브쑈〈어서옵쑈〉,http://ticketimage.interpark.com/Play/image/large/24/24008443_p.gif,https://ticketimage.interpark.com/Play/image/etc/24/24008443-01.jpg,구름아래소극장(자세히),2024.06.30,,https://tickets.interpark.com/goods/24008443
프레드 허쉬 솔로 피아노 2024,http://ticketimage.interpark.com/Play/image/large/24/24008893_p.gif,https://ticketimage.interpark.com/Play/image/etc/24/24008893-02.jpg,마포아트센터 아트홀맥(자세히),2024.09.07,프레드 허쉬,https://tickets.interpark.com/goods/24008893
허윤정 〈다시:나기〉,http://ticketimage.interpark.com/Play/image/large/24/24007617_p.gif,"https:https://ticketimage.interpark.com/Play/ITM/Data/Detail/2024/5/2024052315310282.jpg, https:https://ticketimage.interpark.com/Play/ITM/Data/Modify/2024/6/2024062708021633.jpg, https://ticketimage.interpark.com/Play/image/etc/24/24007617-02.jpg, https://ticketimage.interpark.com/Play/image/etc/24/24007617-01.jpg",국립극장 달오름극장(자세히),2024.07.05 ~2024.07.06,,https://tickets.interpark.com/goods/24007617
a beautiful blur : the world tour,http://ticketimage.interpark.com/Play/image/large/24/24002823_p.gif,https://ticketimage.interpark.com/Play/image/etc/24/24002823-04.jpg,일산 킨텍스 제2전시장 9홀(자세히),2024.09.29,레이니,https://tickets.interpark.com/goods/24002823
ADOBT STAGE：김오키 새턴발라드 - 부산,http://ticketimage.interpark.com/Play/image/large/24/24008997_p.gif,https://ticketimage.interpark.com/Play/image/etc/24/24008997-02.jpg,KT&G 상상마당 부산 라이브홀(자세히),2024.07.21,,https://tickets.interpark.com/goods/24008997
ASAC오픈클래스  〈쇼팽의 만년을 찾아서〉 -안산,http://ticketimage.interpark.com/TicketImage/main/common/mobile/noimage_vtc.jpg,,안산문화예술의전당 별무리극장(자세히),2024.09.07,,https://tickets.interpark.com/goods/24009158
BLACKSTAR Theater Starless 「BLACK SONIC」 In Osaka,http://ticketimage.interpark.com/Play/image/large/24/24007884_p.gif,https://ticketimage.interpark.com/Play/image/etc/24/24007875-02.jpg,Zepp Osaka Bayside(자세히),2024.07.14,,https://tickets.interpark.com/goods/24007884
CHA EUN-WOO 2024 Just One 10 Minute ［Mystery Elevator］ Encore in Seoul,http://ticketimage.interpark.com/Play/image/large/24/24007152_p.gif,https://ticketimage.interpark.com/Play/image/etc/24/24007152-03.jpg,SK올림픽 핸드볼경기장(자세히),2024.07.06,차은우,https://tickets.interpark.com/goods/24007152
Deafheaven Live in Seoul,http://ticketimage.interpark.com/Play/image/large/24/24005840_p.gif,https://ticketimage.interpark.com/Play/image/etc/24/24005840-02.jpg,명화 라이브홀(자세히),2024.07.03,,https://tickets.interpark.com/goods/24005840
Dragon Pony Final Debut Mission : 500,http://ticketimage.interpark.com/Play/image/large/24/24007724_p.gif,https://ticketimage.interpark.com/Play/image/etc/24/24007724-01.jpg,무신사 개러지(자세히),2024.06.29,,https://tickets.interpark.com/goods/24007724
EPEX 2nd FANCON 〈YOUTH DAYS〉,http://ticketimage.interpark.com/Play/image/large/24/24007187_p.gif,https://ticketimage.interpark.com/Play/image/etc/24/24007187-02.jpg,KBS아레나(자세히),2024.07.27 ~2024.07.28,이펙스,https://tickets.interpark.com/goods/24007187
HAVE A NICE TRIP 2024,http://ticketimage.interpark.com/Play/image/large/24/24005265_p.gif,"https://ticketimage.interpark.com/Play/image/etc/24/24005265-09.jpg, https://ticketimage.interpark.com/Play/image/etc/24/24005265-02.jpg, https://ticketimage.interpark.com/Play/image/etc/24/24005265-03.jpg, https://ticketimage.interpark.com/Play/image/etc/24/24005265-04.jpg, https://ticketimage.interpark.com/Play/image/etc/24/24005265-05.jpg",킨텍스 제2전시장(자세히),2024.07.27 ~2024.07.28,"트래비스, 권진아, 홍이삭, 설, 알렉 벤자민, 너드커넥션",https://tickets.interpark.com/goods/24005265
ISNL : SF9 INSEONG‘S SATURDAY NIGHT LIVE,http://ticketimage.interpark.com/Play/image/large/24/24007638_p.gif,https://ticketimage.interpark.com/Play/image/etc/24/24007638-03.jpg,명화라이브홀(자세히),2024.07.13,,https://tickets.interpark.com/goods/24007638
"K－Jazz 의 향연, 구각노리",http://ticketimage.interpark.com/Play/image/large/24/24007693_p.gif,"https://ticketimage.interpark.com/Play/image/etc/24/24007693-01.jpg, https://ticketimage.interpark.com/Play/image/etc/24/24007693-02.jpg, https://ticketimage.interpark.com/Play/image/etc/24/24007693-03.jpg, https://ticketimage.interpark.com/Play/image/etc/24/24007693-04.jpg",재즈런치(자세히),2024.06.29,,https://tickets.interpark.com/goods/24007693
Legend Rock Star 소찬휘＆박완규 콘서트 - 화성,http://ticketimage.interpark.com/Play/image/large/24/24008556_p.gif,https://ticketimage.interpark.com/Play/image/etc/24/24008556-01.jpg,화성아트홀(자세히),2024.08.17,"박완규, 소찬휘",https://tickets.interpark.com/goods/24008556
LOUD BRIDGE Vol.7,http://ticketimage.interpark.com/Play/image/large/24/24007820_p.gif,"https://ticketimage.interpark.com/Play/image/etc/24/24007820-02.jpg, https://ticketimage.interpark.com/Play/image/etc/24/24007820-01.jpg",홍대 롤링홀(자세히),2024.07.20,,https://tickets.interpark.com/goods/24007820
MARCIN ACOUSTIC DRAGON TOUR 2024－롤링홀,http://ticketimage.interpark.com/Play/image/large/24/24007074_p.gif,https://ticketimage.interpark.com/Play/image/etc/24/24007074-03.jpg,롤링홀(자세히),2024.08.24,,https://tickets.interpark.com/goods/24007074
MARCIN ACOUSTIC DRAGON TOUR 2024－무신사 개러지,http://ticketimage.interpark.com/Play/image/large/24/24007075_p.gif,https://ticketimage.interpark.com/Play/image/etc/24/24007075-02.jpg,무신사 개러지(자세히),2024.08.23,,https://tickets.interpark.com/goods/24007075
Omoinotake Live in Seoul,http://ticketimage.interpark.com/Play/image/large/24/24006374_p.gif,https://ticketimage.interpark.com/Play/image/etc/24/24006374-01.jpg,홍대 롤링홀(자세히),2024.09.28,,https://tickets.interpark.com/goods/24006374
ONLY FOR JAZZ－대구,http://ticketimage.interpark.com/Play/image/large/24/24008335_p.gif,"https://ticketimage.interpark.com/Play/image/etc/24/24008335-01.jpg, https://ticketimage.interpark.com/Play/image/etc/24/24008335-02.jpg",에이치아츠 콘서트홀(자세히),2024.07.19,,https://tickets.interpark.com/goods/24008335
PINYO 1st Album ‘Heart donut’ Release tour,http://ticketimage.interpark.com/Play/image/large/24/24005800_p.gif,https://ticketimage.interpark.com/Play/image/etc/24/24005800-02.jpg,KT&G 상상마당 라이브홀(자세히),2024.07.21,,https://tickets.interpark.com/goods/24005800
PITTA 강형호 콘서트: New Normal Life - 부산,http://ticketimage.interpark.com/Play/image/large/24/24006914_p.gif,https://ticketimage.interpark.com/Play/image/etc/24/24006914-03.jpg,소향씨어터 신한카드홀(자세히),2024.07.20 ~2024.07.21,강형호,https://tickets.interpark.com/goods/24006914
PITTA 강형호 콘서트：New Normal Life - 수원,http://ticketimage.interpark.com/Play/image/large/24/24007563_p.gif,https://ticketimage.interpark.com/Play/image/etc/24/24007563-01.jpg,경기아트센터 대극장(자세히),2024.08.10 ~2024.08.11,강형호,https://tickets.interpark.com/goods/24007563
Porter Robinson SMILE! :D World Tour in Seoul,http://ticketimage.interpark.com/Play/image/large/24/24006225_p.gif,https://ticketimage.interpark.com/Play/image/etc/24/24006225-01.jpg,명화 라이브 홀(자세히),2024.12.12,포터 로빈슨,https://tickets.interpark.com/goods/24006225
ROCK CAFE RETRO 광주 SUMMER 콘서트,http://ticketimage.interpark.com/Play/image/large/24/24007978_p.gif,https://ticketimage.interpark.com/Play/image/etc/24/24007978-05.jpg,광주 호남대학교 야외 특설무대(자세히),2024.07.27,"김원준, 김현정, 현진영, R.ef, 스페이스 에이, 노이즈, 김성수",https://tickets.interpark.com/goods/24007978
S2O Korea 2024,http://ticketimage.interpark.com/Play/image/large/24/24004426_p.gif,https://ticketimage.interpark.com/Play/image/etc/24/24004426-01.jpg,서울랜드(자세히),2024.07.13 ~2024.07.14,"트라이토널, 니키 로메로",https://tickets.interpark.com/goods/24004426
SOUND WA,http://ticketimage.interpark.com/Play/image/large/24/24008524_p.gif,https://ticketimage.interpark.com/Play/image/etc/24/24008524-01.jpg,홍대 BENDER(자세히),2024.07.13,,https://tickets.interpark.com/goods/24008524
Summer Jazzbreak 2024,http://ticketimage.interpark.com/Play/image/large/24/24007566_p.gif,"https://ticketimage.interpark.com/240075662024/06/20/b2d950a6.jpg, https://ticketimage.interpark.com/Play/image/etc/24/24007566-06.jpg, https://ticketimage.interpark.com/Play/image/etc/24/24007566-03.jpg, https://ticketimage.interpark.com/Play/image/etc/24/24006122-05.jpg",구로아트밸리 예술극장(자세히),2024.08.31,"젠틀레인, 카즈미 타테이시, 마오 스즈키, 시노부 사토, 요시다 케이코",https://tickets.interpark.com/goods/24007566
THE GREATEST : 불후의명곡 정동하X알리 - 이천,http://ticketimage.interpark.com/Play/image/large/24/24009074_p.gif,https://ticketimage.interpark.com/Play/image/etc/24/24009074-01.jpg,이천아트홀 대공연장(자세히),2024.08.31,,https://tickets.interpark.com/goods/24009074
THE GREATEST : 전율 정동하X소향 - 세종,http://ticketimage.interpark.com/Play/image/large/24/24001813_p.gif,https://ticketimage.interpark.com/Play/image/etc/24/24001813-01.jpg,세종예술의전당(세종특별자치시)(자세히),2024.06.29,"소향, 정동하",https://tickets.interpark.com/goods/24001813
The Jazz Era (더재즈에라) - 부산,http://ticketimage.interpark.com/Play/image/large/24/24007906_p.gif,https://ticketimage.interpark.com/Play/image/etc/24/24007906-01.jpg,"부산 북구문화예술회관(구, 북구빙상센터)(자세히)",2024.06.28,,https://tickets.interpark.com/goods/24007906
TOMIOKA AI 〈BLUE SPOT〉,http://ticketimage.interpark.com/Play/image/large/24/24007900_p.gif,https://ticketimage.interpark.com/Play/image/etc/24/24007900-01.jpg,무신사 개러지(자세히),2024.09.21,,https://tickets.interpark.com/goods/24007900
VerseDay 2024 (대구),http://ticketimage.interpark.com/Play/image/large/24/24008573_p.gif,https://ticketimage.interpark.com/Play/image/etc/24/24008573-01.jpg,클럽 헤비(자세히),2024.07.20,,https://tickets.interpark.com/goods/24008573
