URL,상품 제목,포스터 URL,상세 포스터 URL,공연장소,공연기간,캐스팅 리스트
http://ticket.yes24.com/Special/49958,2024 VANNER 1ST ENCORE CONCERT [THE FLAG：A TO V] IN SEOUL,http://tkfile.yes24.com/upload2/PerfBlog/202406/20240626/20240626-49958.jpg,"http://tkfile.yes24.com/Upload2/Board/202406/20240618/24061808_01.jpg, http://tkfile.yes24.com/Upload2/Board/202406/20240618/24061808_02.jpg, http://tkfile.yes24.com/Upload2/Board/202406/20240618/24061808_03.jpg, http://tkfile.yes24.com/Upload2/Board/202406/20240618/24061808_04.jpg",YES24 LIVE HALL,2024.07.27 ~ 2024.07.28,배너(VANNER)
http://ticket.yes24.com/Special/49700,THE BOYZ WORLD TOUR : ZENERATION Ⅱ,http://tkfile.yes24.com/upload2/PerfBlog/202405/20240527/20240527-49700.jpg,"http://tkfile.yes24.com/Upload2/Board/202405/20240531/49700k1_01_1.jpg, http://tkfile.yes24.com/Upload2/Board/202405/20240531/49700k1_02.jpg, http://tkfile.yes24.com/Upload2/Board/202405/20240531/49700k1_03.jpg, http://tkfile.yes24.com/Upload2/Board/202405/20240531/49700k1_04.jpg, http://tkfile.yes24.com/Upload2/Board/202405/20240531/49700k2_01.jpg, http://tkfile.yes24.com/Upload2/Board/202405/20240531/49700k2_02.jpg, http://tkfile.yes24.com/Upload2/Board/202405/20240531/49700k2_03.jpg, http://tkfile.yes24.com/Upload2/Board/202405/20240531/49700k2_04.jpg, http://tkfile.yes24.com/Upload2/Board/202405/20240531/49700k3_01.jpg, http://tkfile.yes24.com/Upload2/Board/202405/20240531/49700k3_02.jpg, http://tkfile.yes24.com/Upload2/Board/202405/20240531/49700k3_03.jpg",KSPO DOME(올림픽체조경기장),2024.07.12 ~ 2024.07.14,더보이즈 (THE BOYZ)
http://ticket.yes24.com/Perf/49580,[수원] 2024 이찬원 콘서트 ‘ 찬가（燦歌）’,http://tkfile.yes24.com/upload2/PerfBlog/202405/20240521/20240521-49580.jpg,"http://tkfile.yes24.com/Upload2/Board/202405/20240524/24052423_01.jpg, http://tkfile.yes24.com/Upload2/Board/202405/20240524/24052423_02.jpg, http://tkfile.yes24.com/Upload2/Board/202405/20240524/24052423_03.jpg",수원실내체육관,2024.07.27 ~ 2024.07.28,이찬원
http://ticket.yes24.com/Perf/50062,BADA THE OCEAN CONCERT ‘PINK SUMMER DREAM’,http://tkfile.yes24.com/upload2/PerfBlog/202406/20240625/20240625-50062_1.jpg,"http://tkfile.yes24.com/Upload2/Board/202406/20240625/24062508.jpg, http://tkfile.yes24.com/Upload2/Board/202406/20240625/24062509.jpg, http://tkfile.yes24.com/Upload2/Board/202406/20240625/24062510.jpg",삼성동 백암아트홀,2024.07.21 ~ 2024.07.21,바다(BADA)
http://ticket.yes24.com/Special/50040,WOOAH FAN CONCERT [WOOAH - LAND],http://tkfile.yes24.com/upload2/PerfBlog/202406/20240624/20240624-50040.jpg,"http://tkfile.yes24.com/Upload2/Board/202406/20240625/24062505_01.jpg, http://tkfile.yes24.com/Upload2/Board/202406/20240625/24062505_02.jpg, http://tkfile.yes24.com/Upload2/Board/202406/20240625/24062505_03.jpg, http://tkfile.yes24.com/Upload2/Board/202406/20240625/24062505_04.jpg, http://tkfile.yes24.com/Upload2/Board/202406/20240625/24062505_05.jpg",YES24 LIVE HALL,2024.07.20 ~ 2024.07.20,WOOAH
http://ticket.yes24.com/Special/50045,스웨이드 내한공연 (Suede Live in Seoul),http://tkfile.yes24.com/upload2/PerfBlog/202406/20240617/20240617-50045.jpg,"http://tkfile.yes24.com/Upload2/Board/202406/20240617/24061705_01.jpg, http://tkfile.yes24.com/Upload2/Board/202406/20240617/24061705_02.jpg, http://tkfile.yes24.com/Upload2/Board/202406/20240617/24061705_03.jpg, http://tkfile.yes24.com/Upload2/Board/202406/20240617/24061705_04.jpg, http://tkfile.yes24.com/Upload2/Board/202406/20240617/24061705_05.jpg, http://tkfile.yes24.com/Upload2/Board/202406/20240617/24061705_06.jpg, http://tkfile.yes24.com/Upload2/Board/202406/20240617/24061705_07.jpg, http://tkfile.yes24.com/Upload2/Board/202406/20240617/24061705_08.jpg",KBS 아레나(구88체육관),2024.08.23 ~ 2024.08.23,스웨이드 (Suede)
http://ticket.yes24.com/Perf/50089,Shuka Saito Fan Meeting in Seoul (presented by KOE),http://tkfile.yes24.com/upload2/PerfBlog/202406/20240620/20240620-50089.jpg,"http://tkfile.yes24.com/Upload2/Board/202406/20240620/24062002.jpg, http://tkfile.yes24.com/Upload2/Board/202406/20240620/24062003.jpg, http://tkfile.yes24.com/Upload2/Board/202406/20240620/24062022.jpg",성암아트홀,2024.07.27 ~ 2024.07.27,"사이토 슈카, 남도형"
http://ticket.yes24.com/Perf/49579,[안동] 2024 이찬원 콘서트 ‘ 찬가（燦歌）’,http://tkfile.yes24.com/upload2/PerfBlog/202405/20240514/20240514-49579.jpg,"http://tkfile.yes24.com/Upload2/Board/202405/20240514/24051407_01.jpg, http://tkfile.yes24.com/Upload2/Board/202405/20240514/24051407_02.jpg, http://tkfile.yes24.com/Upload2/Board/202405/20240514/24051407_03.jpg",안동실내체육관,2024.07.13 ~ 2024.07.14,이찬원
http://ticket.yes24.com/Perf/50136,2024 전주얼티밋뮤직페스티벌 사전예매,http://tkfile.yes24.com/upload2/PerfBlog/202406/20240626/20240626-50136.jpg,"http://tkfile.yes24.com/Upload2/Board/202406/20240628/24062808_01.jpg, http://tkfile.yes24.com/Upload2/Board/202406/20240628/24062808_02.jpg, http://tkfile.yes24.com/Upload2/Board/202406/20240628/24062808_03.jpg, http://tkfile.yes24.com/Upload2/Board/202406/20240628/24062808_04.jpg, http://tkfile.yes24.com/Upload2/Board/202406/20240628/24062808_05.jpg, http://tkfile.yes24.com/Upload2/Board/202406/20240628/24062808_06.jpg",전주종합경기장,2024.08.09 ~ 2024.08.11,"DJ 이하늘X배드키즈, 강산에, 김경호밴드, 김목경밴드, UV, YB, XANDRIA, LOVEBITES, 장기하, 로맨틱펀치, 카더가든, 린"
http://ticket.yes24.com/Perf/49978,나씽 벗 띠브스 내한공연 (Nothing But Thieves Live in Seoul),http://tkfile.yes24.com/upload2/PerfBlog/202406/20240610/20240610-49978_1.jpg,"http://tkfile.yes24.com/Upload2/Board/202406/20240611/24061101_01.jpg, http://tkfile.yes24.com/Upload2/Board/202406/20240611/24061101_02.jpg, http://tkfile.yes24.com/Upload2/Board/202406/20240611/24061101_03.jpg, http://tkfile.yes24.com/Upload2/Board/202406/20240611/24061101_04.jpg, http://tkfile.yes24.com/Upload2/Board/202406/20240611/24061101_05.jpg, http://tkfile.yes24.com/Upload2/Board/202406/20240611/24061101_06.jpg, http://tkfile.yes24.com/Upload2/Board/202406/20240611/24061101_07.jpg, http://tkfile.yes24.com/Upload2/Board/202406/20240611/24061101_08.jpg",KBS 아레나(구88체육관),2024.08.21 ~ 2024.08.21,나씽 벗 띠브스 (Nothing But Thieves)
http://ticket.yes24.com/Perf/49596,[대전] 메타코미디 “Stand-up Assemble Comedy 24′TOUR”,http://tkfile.yes24.com/upload2/PerfBlog/202405/20240509/20240509-49596.jpg,"http://tkfile.yes24.com/Upload2/Board/202405/20240514/24051413_01.jpg, http://tkfile.yes24.com/Upload2/Board/202405/20240514/24051413_02.jpg, http://tkfile.yes24.com/Upload2/Board/202405/20240514/24051413_03.jpg, http://tkfile.yes24.com/Upload2/Board/202405/20240514/24051413_04.jpg, http://tkfile.yes24.com/Upload2/Board/202405/20240514/24051413_05.jpg, http://tkfile.yes24.com/Upload2/Board/202405/20240514/24051413_06.jpg",충남대학교 정심화홀,2024.07.06 ~ 2024.07.06,"대니초, 김주환, 송하빈, 손동훈, 김영구"
http://ticket.yes24.com/Perf/49896,[김해] Original Sound Track by. A.M Band,http://tkfile.yes24.com/upload2/PerfBlog/202405/20240531/20240531-49896.jpg,"http://tkfile.yes24.com/Upload2/Board/202405/20240531/24053102.jpg, http://tkfile.yes24.com/Upload2/Board/202405/20240531/24053103.jpg",김해문화의전당 누리홀,2024.06.29 ~ 2024.06.29,A.M Band
http://ticket.yes24.com/Perf/49969,2024 치즈 단독콘서트 ‘우릴 머금던 바다’,http://tkfile.yes24.com/upload2/PerfBlog/202406/20240607/20240607-49969.jpg,"http://tkfile.yes24.com/Upload2/Board/202406/20240610/24061009.jpg, http://tkfile.yes24.com/Upload2/Board/202406/20240610/24061010_01.jpg, http://tkfile.yes24.com/Upload2/Board/202406/20240610/24061010_02.jpg, http://tkfile.yes24.com/Upload2/Board/202406/20240610/24061011.jpg, http://tkfile.yes24.com/Upload2/Board/202406/20240610/24061012.jpg",예스24 원더로크홀,2024.07.04 ~ 2024.07.07,치즈
http://ticket.yes24.com/Perf/50044,[부산] [ EUNOIA ] 크로스오버 콘서트 in 김광석,http://tkfile.yes24.com/upload2/PerfBlog/202406/20240626/20240626-50044.jpg,"http://tkfile.yes24.com/Upload2/Board/202406/20240617/24061702_01.jpg, http://tkfile.yes24.com/Upload2/Board/202406/20240617/24061702_02.jpg, http://tkfile.yes24.com/Upload2/Board/202406/20240617/24061702_03.jpg, http://tkfile.yes24.com/Upload2/Board/202406/20240617/24061702_04.jpg",부산 소향씨어터 신한카드홀,2024.08.18 ~ 2024.08.18,"오스틴 킴, 김성현, 서영택, 김수인, 이승민"
http://ticket.yes24.com/Perf/49589,[대구] 메타코미디 “Stand-up Assemble Comedy 24′TOUR”,http://tkfile.yes24.com/upload2/PerfBlog/202405/20240509/20240509-49589.jpg,"http://tkfile.yes24.com/Upload2/Board/202405/20240514/24051411_01.jpg, http://tkfile.yes24.com/Upload2/Board/202405/20240514/24051411_02.jpg, http://tkfile.yes24.com/Upload2/Board/202405/20240514/24051411_03.jpg, http://tkfile.yes24.com/Upload2/Board/202405/20240514/24051411_04.jpg, http://tkfile.yes24.com/Upload2/Board/202405/20240514/24051411_05.jpg, http://tkfile.yes24.com/Upload2/Board/202405/20240514/24051411_06.jpg",엑스코 오디토리움,2024.06.29 ~ 2024.06.29,"대니초, 송하빈, 손동훈, 김주환, 박철현"
http://ticket.yes24.com/Perf/49999,맨스티어 단독공연 AK!,http://tkfile.yes24.com/upload2/PerfBlog/202406/20240614/20240614-49999_1.jpg,"http://tkfile.yes24.com/Upload2/Board/202406/20240614/24061402_01.jpg, http://tkfile.yes24.com/Upload2/Board/202406/20240614/24061402_02.jpg, http://tkfile.yes24.com/Upload2/Board/202406/20240614/24061402_03.jpg, http://tkfile.yes24.com/Upload2/Board/202406/20240614/24061402_04.jpg, http://tkfile.yes24.com/Upload2/Board/202406/20240614/24061402_05.jpg, http://tkfile.yes24.com/Upload2/Board/202406/20240614/24061402_06.jpg",YES24 LIVE HALL,2024.07.14 ~ 2024.07.14,Men's Tear
http://ticket.yes24.com/Perf/49633,2024 인천펜타포트 락 페스티벌 X KB국민카드 스타샵,http://tkfile.yes24.com/upload2/PerfBlog/202406/20240624/20240624-49633.jpg,"http://tkfile.yes24.com/Upload2/Board/202406/20240607/24060718.jpg, http://tkfile.yes24.com/Upload2/Board/202406/20240603/24060307_01.jpg, http://tkfile.yes24.com/Upload2/Board/202406/20240603/24060307_02.jpg, http://tkfile.yes24.com/Upload2/Board/202406/20240603/24060307_03.jpg, http://tkfile.yes24.com/Upload2/Board/202406/20240603/24060307_04.jpg, http://tkfile.yes24.com/Upload2/Board/202406/20240603/24060307_05.jpg, http://tkfile.yes24.com/Upload2/Board/202406/20240603/24060307_06.jpg",송도달빛축제공원,2024.08.02 ~ 2024.08.04,"TURNSTILE, KIM GORDON, 새소년, GUMX, JACK WHITE, GIRL IN RED, RIDE, 실리카겔, 잔나비, 글렌체크, 놀이도감, THE POLES"
http://ticket.yes24.com/Perf/49907,[오산] 2024 김창옥 토크콘서트 시즌4,http://tkfile.yes24.com/upload2/PerfBlog/202406/20240603/20240603-49907.jpg,"http://tkfile.yes24.com/Upload2/Board/202406/20240603/24060303_01.jpg, http://tkfile.yes24.com/Upload2/Board/202406/20240603/24060303_02.jpg, http://tkfile.yes24.com/Upload2/Board/202406/20240603/24060303_03.jpg, http://tkfile.yes24.com/Upload2/Board/202406/20240603/24060304.jpg",오산문화예술회관 대공연장,2024.08.10 ~ 2024.08.10,김창옥
http://ticket.yes24.com/Perf/50091,[강릉] 2024 김창옥 토크콘서트 시즌4,http://tkfile.yes24.com/upload2/PerfBlog/202406/20240620/20240620-50091.jpg,"http://tkfile.yes24.com/Upload2/Board/202406/20240620/24062012.jpg, http://tkfile.yes24.com/Upload2/Board/202406/20240620/24062013.jpg",강릉아트센터 사임당홀,2024.08.04 ~ 2024.08.04,김창옥
http://ticket.yes24.com/Perf/49711,2024 UKISS FAN CONCERT ‘First Memories’,http://tkfile.yes24.com/upload2/PerfBlog/202405/20240514/20240514-49711.jpg,"http://tkfile.yes24.com/Upload2/Board/202405/20240520/24052011_01.jpg, http://tkfile.yes24.com/Upload2/Board/202405/20240520/24052011_02.jpg, http://tkfile.yes24.com/Upload2/Board/202405/20240520/24052011_03.jpg, http://tkfile.yes24.com/Upload2/Board/202405/20240520/24052011_04.jpg, http://tkfile.yes24.com/Upload2/Board/202405/20240520/24052011_05.jpg, http://tkfile.yes24.com/Upload2/Board/202405/20240520/24052011_06.jpg, http://tkfile.yes24.com/Upload2/Board/202405/20240520/24052011_07.jpg, http://tkfile.yes24.com/Upload2/Board/202405/20240520/24052011_08.jpg, http://tkfile.yes24.com/Upload2/Board/202405/20240520/24052011_09.jpg",예스24 원더로크홀,2024.06.29 ~ 2024.06.29,유키스
http://ticket.yes24.com/Perf/49277,[전주] 나훈아 ‘2024 고마웠습니다-라스트 콘서트(LAST CONCERT)’,http://tkfile.yes24.com/upload2/PerfBlog/202404/20240425/20240425-49277.jpg,"http://tkfile.yes24.com/Upload2/Board/202404/20240430/49277.jpg, http://tkfile.yes24.com/Upload2/Board/202404/20240429/49277_01.jpg, http://tkfile.yes24.com/Upload2/Board/202404/20240429/49277_02.jpg, http://tkfile.yes24.com/Upload2/Board/202404/20240429/49277_03.jpg, http://tkfile.yes24.com/Upload2/Board/202404/20240429/49277_04.jpg, http://tkfile.yes24.com/Upload2/Board/202404/20240429/49277_05.jpg",전주 실내체육관,2024.07.06 ~ 2024.07.06,나훈아
http://ticket.yes24.com/Perf/49609,[수원] 메타코미디 “Stand-up Assemble Comedy 24′TOUR”,http://tkfile.yes24.com/upload2/PerfBlog/202405/20240509/20240509-49609.jpg,"http://tkfile.yes24.com/Upload2/Board/202405/20240514/24051419_01.jpg, http://tkfile.yes24.com/Upload2/Board/202405/20240514/24051419_02.jpg, http://tkfile.yes24.com/Upload2/Board/202405/20240514/24051419_03.jpg, http://tkfile.yes24.com/Upload2/Board/202405/20240514/24051419_04.jpg, http://tkfile.yes24.com/Upload2/Board/202405/20240514/24051419_05.jpg, http://tkfile.yes24.com/Upload2/Board/202405/20240514/24051419_06.jpg",경기대학교 텔레컨벤션,2024.07.13 ~ 2024.07.13,"김동하, 이제규, 손동훈, 김주환, 박철현"
http://ticket.yes24.com/Perf/49363,[청주] 2024 김창옥 토크콘서트 시즌4,http://tkfile.yes24.com/upload2/PerfBlog/202404/20240405/20240405-49363.jpg,"http://tkfile.yes24.com/Upload2/Board/202404/20240405/24040511_01.jpg, http://tkfile.yes24.com/Upload2/Board/202404/20240405/24040511_02.jpg, http://tkfile.yes24.com/Upload2/Board/202404/20240405/24040512.jpg",청주 예술의전당 대공연장,2024.06.29 ~ 2024.06.29,김창옥
http://ticket.yes24.com/Perf/49710,Live ＆ Music Festival,http://tkfile.yes24.com/upload2/PerfBlog/202405/20240514/20240514-49710.jpg,"http://tkfile.yes24.com/Upload2/Board/202405/20240514/24051424_01.jpg, http://tkfile.yes24.com/Upload2/Board/202405/20240514/24051424_02.jpg, http://tkfile.yes24.com/Upload2/Board/202405/20240514/24051424_03.jpg, http://tkfile.yes24.com/Upload2/Board/202405/20240514/24051424_04.jpg",YES24 LIVE HALL,2024.07.13 ~ 2024.07.13,"HANATAN, GLUTAMINE, D.Watt, Maron, nayuta, Noristry"
http://ticket.yes24.com/Perf/49601,[서울] 메타코미디 “Stand-up Assemble Comedy 24′TOUR”,http://tkfile.yes24.com/upload2/PerfBlog/202405/20240509/20240509-49601.jpg,"http://tkfile.yes24.com/Upload2/Board/202405/20240514/24051416_01.jpg, http://tkfile.yes24.com/Upload2/Board/202405/20240514/24051416_02.jpg, http://tkfile.yes24.com/Upload2/Board/202405/20240514/24051416_03.jpg, http://tkfile.yes24.com/Upload2/Board/202405/20240514/24051416_04.jpg, http://tkfile.yes24.com/Upload2/Board/202405/20240514/24051416_05.jpg, http://tkfile.yes24.com/Upload2/Board/202405/20240514/24051416_06.jpg",연세대학교 대강당,2024.08.10 ~ 2024.08.11,"대니초, 김병선, 이용주, 송하빈, 김주환, 김동하, 정재형, 김민수, 이제규, 손동훈"
http://ticket.yes24.com/Perf/50116,[창원] 2024 김창옥토크콘서트 시즌 4,http://tkfile.yes24.com/upload2/PerfBlog/202406/20240624/20240624-50116.jpg,"http://tkfile.yes24.com/Upload2/Board/202406/20240624/24062412.jpg, http://tkfile.yes24.com/Upload2/Board/202406/20240624/24062413.jpg",창원성산아트홀 대극장,2024.07.28 ~ 2024.07.28,김창옥
http://ticket.yes24.com/Perf/49599,[부산] 메타코미디 “Stand-up Assemble Comedy 24′TOUR”,http://tkfile.yes24.com/upload2/PerfBlog/202405/20240509/20240509-49599.jpg,"http://tkfile.yes24.com/Upload2/Board/202405/20240514/24051415_01_1.jpg, http://tkfile.yes24.com/Upload2/Board/202405/20240514/24051415_02.jpg, http://tkfile.yes24.com/Upload2/Board/202405/20240514/24051415_03.jpg, http://tkfile.yes24.com/Upload2/Board/202405/20240514/24051415_04.jpg, http://tkfile.yes24.com/Upload2/Board/202405/20240514/24051415_05.jpg, http://tkfile.yes24.com/Upload2/Board/202405/20240514/24051415_06.jpg",부산 소향씨어터 신한카드홀,2024.08.03 ~ 2024.08.03,"대니초, 송하빈, 김병선, 손동훈, 김주환"
http://ticket.yes24.com/Perf/49358,HAVE A NICE TRIP 2024,http://tkfile.yes24.com/upload2/PerfBlog/202406/20240620/20240620-49358.jpg,"http://tkfile.yes24.com/Upload2/Board/202406/20240620/24062019.jpg, http://tkfile.yes24.com/Upload2/Board/202404/20240405/24040504_01.jpg, http://tkfile.yes24.com/Upload2/Board/202404/20240405/24040504_02.jpg, http://tkfile.yes24.com/Upload2/Board/202404/20240405/24040504_03.jpg, http://tkfile.yes24.com/Upload2/Board/202404/20240405/24040505.jpg, http://tkfile.yes24.com/Upload2/Board/202404/20240405/24040506_01.jpg, http://tkfile.yes24.com/Upload2/Board/202404/20240405/24040506_02.jpg, http://tkfile.yes24.com/Upload2/Board/202404/20240405/24040506_03.jpg, http://tkfile.yes24.com/Upload2/Board/202404/20240405/24040507.jpg","킨텍스 제2전시장 7,8홀",2024.07.27 ~ 2024.07.28,상세페이지 참고
http://ticket.yes24.com/Perf/49789,[매직 갈라쇼] 제19회 부산국제매직페스티벌 -매직 컨벤션-,http://tkfile.yes24.com/upload2/PerfBlog/202405/20240522/20240522-49789_1.jpg,"http://tkfile.yes24.com/Upload2/Board/202405/20240522/24052221.jpg, http://tkfile.yes24.com/Upload2/Board/202405/20240522/24052222.jpg, http://tkfile.yes24.com/Upload2/Board/202405/20240522/24052235_01.jpg, http://tkfile.yes24.com/Upload2/Board/202405/20240522/24052235_02.jpg",부산 영화의전당 하늘연극장,2024.06.29 ~ 2024.06.30,"유호진, 프란체스코 델라보나, 길렘 쥴리아, 샤오룬, 카츠라가와 심페이, 장해석, 최이안"
http://ticket.yes24.com/Perf/50107,[부산] YEONGDO INDIE CONCERT [Romantic 영도],http://tkfile.yes24.com/upload2/PerfBlog/202406/20240624/20240624-50107.jpg,"http://tkfile.yes24.com/Upload2/Board/202406/20240624/24062409_01.jpg, http://tkfile.yes24.com/Upload2/Board/202406/20240624/24062409_02.jpg, http://tkfile.yes24.com/Upload2/Board/202406/20240624/24062409_03.jpg, http://tkfile.yes24.com/Upload2/Board/202406/20240624/24062409_04.jpg",영도문화예술회관 봉래홀(대공연장),2024.07.30 ~ 2024.07.30,"밴드 너드커넥션, 몽돌"
http://ticket.yes24.com/Perf/49947,yonige Live in Seoul,http://tkfile.yes24.com/upload2/PerfBlog/202406/20240605/20240605-49947.jpg,"http://tkfile.yes24.com/Upload2/Board/202406/20240605/24060506.jpg, http://tkfile.yes24.com/Upload2/Board/202406/20240605/24060507.jpg, http://tkfile.yes24.com/Upload2/Board/202406/20240605/24060508.jpg, http://tkfile.yes24.com/Upload2/Board/202406/20240605/24060509.jpg",홍대 롤링홀,2024.07.12 ~ 2024.07.12,yonige
http://ticket.yes24.com/Perf/50046,TULA Live Concert ‘진화의 시간 TIME TO EVOLVE’,http://tkfile.yes24.com/upload2/PerfBlog/202406/20240618/20240618-50046.jpg,"http://tkfile.yes24.com/Upload2/Board/202406/20240618/24061803_01.jpg, http://tkfile.yes24.com/Upload2/Board/202406/20240618/24061803_02.jpg, http://tkfile.yes24.com/Upload2/Board/202406/20240618/24061803_03.jpg, http://tkfile.yes24.com/Upload2/Board/202406/20240618/24061803_04.jpg, http://tkfile.yes24.com/Upload2/Board/202406/20240618/24061803_05.jpg",대원콘텐츠라이브공연장,2024.07.13 ~ 2024.07.13,"TULA, 정여진, 나오미, T-SESSION"
http://ticket.yes24.com/Perf/49502,Ohashi Ayaka 내한공연,http://tkfile.yes24.com/upload2/PerfBlog/202404/20240419/20240419-49502.jpg,"http://tkfile.yes24.com/Upload2/Board/202404/20240419/24041905_01.jpg, http://tkfile.yes24.com/Upload2/Board/202404/20240419/24041905_02.jpg, http://tkfile.yes24.com/Upload2/Board/202404/20240419/24041905_03.jpg, http://tkfile.yes24.com/Upload2/Board/202404/20240419/24041905_04.jpg, http://tkfile.yes24.com/Upload2/Board/202404/20240419/24041905_05.jpg, http://tkfile.yes24.com/Upload2/Board/202404/20240419/24041905_06.jpg",마포아트센터 아트홀맥,2024.06.30 ~ 2024.06.30,Ohashi Ayaka
http://ticket.yes24.com/Perf/49606,[울산] 메타코미디 “Stand-up Assemble Comedy 24′TOUR”,http://tkfile.yes24.com/upload2/PerfBlog/202405/20240509/20240509-49606.jpg,"http://tkfile.yes24.com/Upload2/Board/202405/20240514/24051418_01.jpg, http://tkfile.yes24.com/Upload2/Board/202405/20240514/24051418_02.jpg, http://tkfile.yes24.com/Upload2/Board/202405/20240514/24051418_03.jpg, http://tkfile.yes24.com/Upload2/Board/202405/20240514/24051418_04.jpg, http://tkfile.yes24.com/Upload2/Board/202405/20240514/24051418_05.jpg, http://tkfile.yes24.com/Upload2/Board/202405/20240514/24051418_06.jpg",KBS울산홀,2024.07.27 ~ 2024.07.27,"김동하, 이제규, 손동훈, 김주환, 박철현"
http://ticket.yes24.com/Perf/49995,"[제주] 2024 오누이 ＂우리들의 학창시절＂ [김용임,진성]",http://tkfile.yes24.com/upload2/PerfBlog/202406/20240611/20240611-49995.jpg,"http://tkfile.yes24.com/Upload2/Board/202406/20240611/24061107_01.jpg, http://tkfile.yes24.com/Upload2/Board/202406/20240611/24061107_02.jpg, http://tkfile.yes24.com/Upload2/Board/202406/20240611/24061107_03.jpg, http://tkfile.yes24.com/Upload2/Board/202406/20240611/24061107_04.jpg, http://tkfile.yes24.com/Upload2/Board/202406/20240611/24061107_05.jpg",제주 한라아트홀 대극장,2024.09.07 ~ 2024.09.07,"김용임, 진성"
http://ticket.yes24.com/Perf/49686,[창원] 7월 토요콘서트 - KARDI CONCERT,http://tkfile.yes24.com/upload2/PerfBlog/202405/20240513/20240513-49686.jpg,"http://tkfile.yes24.com/Upload2/Board/202405/20240513/24051307_01.jpg, http://tkfile.yes24.com/Upload2/Board/202405/20240513/24051307_02.jpg, http://tkfile.yes24.com/Upload2/Board/202405/20240513/24051307_03.jpg, http://tkfile.yes24.com/Upload2/Board/202405/20240513/24051307_04.jpg, http://tkfile.yes24.com/Upload2/Board/202405/20240513/24051307_05.jpg",창원성산아트홀 소극장,2024.07.13 ~ 2024.07.13,KARDI
http://ticket.yes24.com/Perf/49788,[FISM QC 국제마술대회] 제19회 부산국제매직페스티벌 -매직 컨벤션-,http://tkfile.yes24.com/upload2/PerfBlog/202405/20240522/20240522-49788_1.jpg,"http://tkfile.yes24.com/Upload2/Board/202405/20240522/24052217.jpg, http://tkfile.yes24.com/Upload2/Board/202405/20240522/24052218.jpg, http://tkfile.yes24.com/Upload2/Board/202405/20240522/24052219.jpg, http://tkfile.yes24.com/Upload2/Board/202405/20240522/24052234.jpg",부산 영화의전당 하늘연극장,2024.06.29 ~ 2024.06.30,
http://ticket.yes24.com/Perf/50035,Soundberry Festa’ 24,http://tkfile.yes24.com/upload2/PerfBlog/202406/20240614/20240614-50035.jpg,"http://tkfile.yes24.com/Upload2/Board/202406/20240628/24062811_01.jpg, http://tkfile.yes24.com/Upload2/Board/202406/20240628/24062811_02.jpg, http://tkfile.yes24.com/Upload2/Board/202406/20240628/24062811_03.jpg, http://tkfile.yes24.com/Upload2/Board/202406/20240628/24062812_01.jpg, http://tkfile.yes24.com/Upload2/Board/202406/20240628/24062812_02.jpg, http://tkfile.yes24.com/Upload2/Board/202406/20240628/24062812_03.jpg, http://tkfile.yes24.com/Upload2/Board/202406/20240628/24062813.jpg",KBS아레나 일대,2024.07.20 ~ 2024.07.21,"I.M, 다섯, 마치(MRCH), 씨엔블루, 아일, 오월오일, 원위(ONEWE), 장기하, 죠지, 크리스피, 키드밀리, 태버, 한요한, FT아일랜드, Hi-Fi Un!corn, 로이킴, 소수빈, 신지훈, 엔플라잉, 정준일, 채무자들, 최유리"
http://ticket.yes24.com/Perf/50112,2024 수아레콘서트 - 김태우와 하고 싶은 말,http://tkfile.yes24.com/upload2/PerfBlog/202406/20240624/20240624-50112.jpg,"http://tkfile.yes24.com/Upload2/Board/202406/20240624/50112_N.jpg, http://tkfile.yes24.com/Upload2/Board/202406/20240624/50112_2.jpg",성남아트센터 오페라하우스,2024.07.19 ~ 2024.07.19,김태우(god)
http://ticket.yes24.com/Special/49643,ATEEZ 2024 FANMEETING〈ATINY’S VOYAGE FROM A TO Z〉,http://tkfile.yes24.com/upload2/PerfBlog/202405/20240516/20240516-49643.jpg,"http://tkfile.yes24.com/Upload2/Board/202406/20240619/49643k_01.jpg, http://tkfile.yes24.com/Upload2/Board/202406/20240619/49643k_02.jpg, http://tkfile.yes24.com/Upload2/Board/202406/20240619/49643k_03.jpg, http://tkfile.yes24.com/Upload2/Board/202406/20240619/49643k_04.jpg, http://tkfile.yes24.com/Upload2/Board/202406/20240619/49643k_05.jpg, http://tkfile.yes24.com/Upload2/Board/202406/20240619/49643k_06.jpg, http://tkfile.yes24.com/Upload2/Board/202406/20240619/49643k_07.jpg, http://tkfile.yes24.com/Upload2/Board/202406/20240619/49643k_08.jpg, http://tkfile.yes24.com/Upload2/Board/202406/20240619/49643k_09.jpg",잠실실내체육관,2024.07.06 ~ 2024.07.07,ATEEZ
http://ticket.yes24.com/Perf/49767,2024 Rolling Quartz Concert [VICTORY] - EP 앨범 발매 기념 -,http://tkfile.yes24.com/upload2/PerfBlog/202405/20240522/20240522-49767.jpg,"http://tkfile.yes24.com/Upload2/Board/202405/20240522/24052205.jpg, http://tkfile.yes24.com/Upload2/Board/202405/20240522/24052206.jpg, http://tkfile.yes24.com/Upload2/Board/202405/20240522/24052203_01.jpg, http://tkfile.yes24.com/Upload2/Board/202405/20240522/24052203_02.jpg, http://tkfile.yes24.com/Upload2/Board/202405/20240522/24052203_03.jpg, http://tkfile.yes24.com/Upload2/Board/202405/20240522/24052203_04.jpg, http://tkfile.yes24.com/Upload2/Board/202405/20240522/24052203_05.jpg",웨스트브릿지 라이브홀,2024.07.06 ~ 2024.07.06,Rolling Quartz
http://ticket.yes24.com/Perf/49756,[광주] 2024 오은영의 더할나위없이 [날마다 당당당],http://tkfile.yes24.com/upload2/PerfBlog/202405/20240520/20240520-49756.jpg,"http://tkfile.yes24.com/Upload2/Board/202405/20240521/24052101_01.jpg, http://tkfile.yes24.com/Upload2/Board/202405/20240521/24052101_02.jpg, http://tkfile.yes24.com/Upload2/Board/202405/20240521/24052101_03.jpg, http://tkfile.yes24.com/Upload2/Board/202405/20240521/24052101_04.jpg, http://tkfile.yes24.com/Upload2/Board/202405/20240521/24052101_05.jpg, http://tkfile.yes24.com/Upload2/Board/202405/20240521/24052101_06.jpg, http://tkfile.yes24.com/Upload2/Board/202405/20240521/24052101_07.jpg",광주 예술의전당 대극장,2024.07.14 ~ 2024.07.14,오은영
http://ticket.yes24.com/Perf/49667,알프(aLf) 단독콘서트,http://tkfile.yes24.com/upload2/PerfBlog/202405/20240508/20240508-49667.jpg,"http://tkfile.yes24.com/Upload2/Board/202405/20240508/24050807_01.jpg, http://tkfile.yes24.com/Upload2/Board/202405/20240508/24050807_02.jpg, http://tkfile.yes24.com/Upload2/Board/202405/20240508/24050807_03.jpg, http://tkfile.yes24.com/Upload2/Board/202405/20240508/24050807_04.jpg",대원콘텐츠라이브공연장,2024.07.06 ~ 2024.07.06,알프(aLf)
http://ticket.yes24.com/Perf/49964,[익산] 2024 김창옥 토크콘서트 시즌4,http://tkfile.yes24.com/upload2/PerfBlog/202406/20240607/20240607-49964.jpg,"http://tkfile.yes24.com/Upload2/Board/202406/20240607/24060716_01.jpg, http://tkfile.yes24.com/Upload2/Board/202406/20240607/24060716_02.jpg, http://tkfile.yes24.com/Upload2/Board/202406/20240607/24060716_03.jpg, http://tkfile.yes24.com/Upload2/Board/202406/20240607/24060717.jpg",익산 예술의전당 대공연장,2024.09.07 ~ 2024.09.07,김창옥
http://ticket.yes24.com/Perf/49972,Music in Life Premier Concert,http://tkfile.yes24.com/upload2/PerfBlog/202406/20240607/20240607-49972.jpg,"http://tkfile.yes24.com/Upload2/Board/202406/20240607/24060726.jpg, http://tkfile.yes24.com/Upload2/Board/202406/20240607/24060727.jpg",광림아트센터 장천홀,2024.06.28 ~ 2024.06.28,"임동현, 박김예영, 김승은, 임하은, 강나영, 김가혜, 문지원, 최정인, 백수정, 한수정, 정도현, 백진경"
http://ticket.yes24.com/Perf/49526,imase 1st Asia Tour ＂Shiki＂,http://tkfile.yes24.com/upload2/PerfBlog/202404/20240424/20240424-49526.jpg,"http://tkfile.yes24.com/Upload2/Board/202405/20240521/24052116.jpg, http://tkfile.yes24.com/Upload2/Board/202405/20240521/24052117_01.jpg, http://tkfile.yes24.com/Upload2/Board/202405/20240521/24052117_02.jpg",YES24 LIVE HALL,2024.07.16 ~ 2024.07.16,imase
http://ticket.yes24.com/Perf/49757,XG 첫 월드 투어 [THE FIRST HOWL - Landing at Seoul],http://tkfile.yes24.com/upload2/PerfBlog/202405/20240524/20240524-49757.jpg,"http://tkfile.yes24.com/Upload2/Board/202405/20240524/24052416_01.jpg, http://tkfile.yes24.com/Upload2/Board/202405/20240524/24052416_02.jpg, http://tkfile.yes24.com/Upload2/Board/202405/20240524/24052416_03.jpg",YES24 LIVE HALL,2024.07.11 ~ 2024.07.11,XG(엑스지)
http://ticket.yes24.com/Perf/49598,[춘천] 메타코미디 “Stand-up Assemble Comedy 24′TOUR”,http://tkfile.yes24.com/upload2/PerfBlog/202405/20240509/20240509-49598.jpg,"http://tkfile.yes24.com/Upload2/Board/202405/20240514/24051414_01.jpg, http://tkfile.yes24.com/Upload2/Board/202405/20240514/24051414_02.jpg, http://tkfile.yes24.com/Upload2/Board/202405/20240514/24051414_03.jpg, http://tkfile.yes24.com/Upload2/Board/202405/20240514/24051414_04.jpg, http://tkfile.yes24.com/Upload2/Board/202405/20240514/24051414_05.jpg, http://tkfile.yes24.com/Upload2/Board/202405/20240514/24051414_06.jpg",춘천 강원대학교 백령아트센터(구.백령문화관),2024.07.20 ~ 2024.07.20,"대니초, 송하빈, 이제규, 김영구, 박철현"
http://ticket.yes24.com/Perf/49351,[김해] 2024 주현미 콘서트 [The Original],http://tkfile.yes24.com/upload2/PerfBlog/202404/20240404/20240404-49351.jpg,"http://tkfile.yes24.com/Upload2/Board/202404/20240404/24040406_01.jpg, http://tkfile.yes24.com/Upload2/Board/202404/20240404/24040406_02.jpg, http://tkfile.yes24.com/Upload2/Board/202404/20240404/24040406_03.jpg",김해문화의전당 마루홀,2024.06.29 ~ 2024.06.29,주현미
http://ticket.yes24.com/Perf/50098,[대구] 2024 변진섭 전국투어 콘서트：변천사,http://tkfile.yes24.com/upload2/PerfBlog/202406/20240621/20240621-50098.jpg,"http://tkfile.yes24.com/Upload2/Board/202406/20240621/24062102_01.jpg, http://tkfile.yes24.com/Upload2/Board/202406/20240621/24062102_02.jpg, http://tkfile.yes24.com/Upload2/Board/202406/20240621/24062102_03.jpg, http://tkfile.yes24.com/Upload2/Board/202406/20240621/24062102_04.jpg",대구보건대 인당아트홀,2024.07.28 ~ 2024.07.28,변진섭
http://ticket.yes24.com/Perf/50099,[대구] 김정민 전국투어 콘서트：LIVE STAR,http://tkfile.yes24.com/upload2/PerfBlog/202406/20240621/20240621-50099.jpg,"http://tkfile.yes24.com/Upload2/Board/202406/20240621/24062104_01.jpg, http://tkfile.yes24.com/Upload2/Board/202406/20240621/24062104_02.jpg, http://tkfile.yes24.com/Upload2/Board/202406/20240621/24062104_03.jpg, http://tkfile.yes24.com/Upload2/Board/202406/20240621/24062104_04.jpg, http://tkfile.yes24.com/Upload2/Board/202406/20240621/24062104_05.jpg",대구보건대 인당아트홀,2024.07.28 ~ 2024.07.28,김정민
http://ticket.yes24.com/Perf/49963,[렉쳐-도기문] 제19회 부산국제매직페스티벌 -매직 컨벤션-,http://tkfile.yes24.com/upload2/PerfBlog/202406/20240607/20240607-49963.jpg,"http://tkfile.yes24.com/Upload2/Board/202406/20240607/24060708_01.jpg, http://tkfile.yes24.com/Upload2/Board/202406/20240607/24060708_02.jpg, http://tkfile.yes24.com/Upload2/Board/202406/20240607/24060709.jpg, http://tkfile.yes24.com/Upload2/Board/202406/20240607/24060714.jpg",부산디자인진흥원 이벤트홀,2024.06.29 ~ 2024.06.29,도기문
http://ticket.yes24.com/Perf/49962,[렉쳐-심페이] 제19회 부산국제매직페스티벌 -매직 컨벤션-,http://tkfile.yes24.com/upload2/PerfBlog/202406/20240607/20240607-49962.png,"http://tkfile.yes24.com/Upload2/Board/202406/20240607/24060704_01.png, http://tkfile.yes24.com/Upload2/Board/202406/20240607/24060704_02.png, http://tkfile.yes24.com/Upload2/Board/202406/20240607/24060705.png, http://tkfile.yes24.com/Upload2/Board/202406/20240607/24060713.jpg",부산디자인진흥원 이벤트홀,2024.06.29 ~ 2024.06.29,카츠라가와 심페이
http://ticket.yes24.com/Perf/50102,[부산] 2024 카즈미 타테이시 트리오 내한공연,http://tkfile.yes24.com/upload2/PerfBlog/202406/20240621/20240621-50102.jpg,"http://tkfile.yes24.com/Upload2/Board/202406/20240621/24062112.jpg, http://tkfile.yes24.com/Upload2/Board/202406/20240621/24062111_01.jpg, http://tkfile.yes24.com/Upload2/Board/202406/20240621/24062111_02.jpg, http://tkfile.yes24.com/Upload2/Board/202406/20240621/24062111_03.jpg, http://tkfile.yes24.com/Upload2/Board/202406/20240621/24062111_04.jpg, http://tkfile.yes24.com/Upload2/Board/202406/20240621/24062111_05.jpg, http://tkfile.yes24.com/Upload2/Board/202406/20240621/24062111_06.jpg",부산 동래문화회관 대극장,2024.08.28 ~ 2024.08.28,"Piano 카즈미 타테이시, Contrabass 시노부 사토, Drums 마오 스즈키"
http://ticket.yes24.com/Perf/50001,[부산] 진성 30주년 기념 콘서트 [진성 빅쇼],http://tkfile.yes24.com/upload2/PerfBlog/202406/20240613/20240613-50001.jpg,"http://tkfile.yes24.com/Upload2/Board/202406/20240613/24061306_01.jpg, http://tkfile.yes24.com/Upload2/Board/202406/20240613/24061306_02.jpg, http://tkfile.yes24.com/Upload2/Board/202406/20240613/24061306_03.jpg, http://tkfile.yes24.com/Upload2/Board/202406/20240613/24061306_04.jpg, http://tkfile.yes24.com/Upload2/Board/202406/20240613/24061306_05.jpg",벡스코 오디토리움,2024.09.21 ~ 2024.09.21,진성
http://ticket.yes24.com/Perf/50108,[부산] 콘서트 가이드 김성민과 함께하는 [Summer Latin Concert],http://tkfile.yes24.com/upload2/PerfBlog/202406/20240624/20240624-50108.jpg,"http://tkfile.yes24.com/Upload2/Board/202406/20240624/24062406_01.jpg, http://tkfile.yes24.com/Upload2/Board/202406/20240624/24062406_02.jpg, http://tkfile.yes24.com/Upload2/Board/202406/20240624/24062406_03.jpg, http://tkfile.yes24.com/Upload2/Board/202406/20240624/24062406_04.jpg, http://tkfile.yes24.com/Upload2/Board/202406/20240624/24062406_05.jpg, http://tkfile.yes24.com/Upload2/Board/202406/20240624/24062406_06.jpg",영도문화예술회관 봉래홀(대공연장),2024.07.26 ~ 2024.07.26,"콘서트 가이드 김성민, 밴드 겟츠"
http://ticket.yes24.com/Perf/49699,[부산] PITTA 강형호 콘서트： New Normal Life,http://tkfile.yes24.com/upload2/PerfBlog/202405/20240524/20240524-49699.jpg,"http://tkfile.yes24.com/Upload2/Board/202405/20240524/24052404_01.jpg, http://tkfile.yes24.com/Upload2/Board/202405/20240524/24052404_02.jpg, http://tkfile.yes24.com/Upload2/Board/202405/20240524/24052404_03.jpg, http://tkfile.yes24.com/Upload2/Board/202405/20240524/24052404_04.jpg, http://tkfile.yes24.com/Upload2/Board/202405/20240524/24052404_05.jpg, http://tkfile.yes24.com/Upload2/Board/202405/20240524/24052404_06.jpg",부산 소향씨어터 신한카드홀,2024.07.20 ~ 2024.07.21,강형호
http://ticket.yes24.com/Perf/49863,[부여] 국립심포니오케스트라 [시네마클래식],http://tkfile.yes24.com/upload2/PerfBlog/202405/20240531/20240531-49863.jpg,http://tkfile.yes24.com/Upload2/Board/202405/20240531/49863.jpg,국립부여박물관 사비마루 공연장,2024.06.29 ~ 2024.06.29,--
http://ticket.yes24.com/Perf/49393,[안산] 2024 김창옥 토크콘서트 시즌4,http://tkfile.yes24.com/upload2/PerfBlog/202404/20240409/20240409-49393.jpg,"http://tkfile.yes24.com/Upload2/Board/202404/20240409/24040902_01.jpg, http://tkfile.yes24.com/Upload2/Board/202404/20240409/24040902_02.jpg, http://tkfile.yes24.com/Upload2/Board/202404/20240409/24040903_01.jpg, http://tkfile.yes24.com/Upload2/Board/202404/20240409/24040903_02.jpg",안산문화예술의전당 해돋이극장,2024.07.06 ~ 2024.07.06,김창옥
http://ticket.yes24.com/Perf/49923,[인천] 2024 변진섭 전국투어 콘서트：변천사,http://tkfile.yes24.com/upload2/PerfBlog/202406/20240604/20240604-49923.jpg,"http://tkfile.yes24.com/Upload2/Board/202406/20240605/24060512_01.jpg, http://tkfile.yes24.com/Upload2/Board/202406/20240605/24060512_02.jpg, http://tkfile.yes24.com/Upload2/Board/202406/20240605/24060512_03.jpg, http://tkfile.yes24.com/Upload2/Board/202406/20240605/24060512_04.jpg",부평아트센터 해누리극장,2024.07.20 ~ 2024.07.20,변진섭
http://ticket.yes24.com/Perf/49274,[창원] 2024 화요모닝콘서트 - 7월 [THE PIANIST],http://tkfile.yes24.com/upload2/PerfBlog/202403/20240327/20240327-49252_1.jpg,"http://tkfile.yes24.com/Upload2/Board/202403/20240327/24032708.jpg, http://tkfile.yes24.com/Upload2/Board/202403/20240328/24032817.jpg",창원성산아트홀 소극장,2024.07.09 ~ 2024.07.09,"The pianist(임미정, 고희안, 이지영, 전용준)"
http://ticket.yes24.com/Perf/50180,[창원] 진성 30주년 기념 콘서트 [진성 빅쇼],http://tkfile.yes24.com/upload2/PerfBlog/202406/20240627/20240627-50180_1.jpg,"http://tkfile.yes24.com/Upload2/Board/202406/20240627/24062711_01.jpg, http://tkfile.yes24.com/Upload2/Board/202406/20240627/24062711_02.jpg, http://tkfile.yes24.com/Upload2/Board/202406/20240627/24062711_03.jpg, http://tkfile.yes24.com/Upload2/Board/202406/20240627/24062711_04.jpg",KBS창원홀,2024.09.28 ~ 2024.09.28,진성
http://ticket.yes24.com/Perf/49790,[챔피언쇼] 제19회 부산국제매직페스티벌 -매직 컨벤션-,http://tkfile.yes24.com/upload2/PerfBlog/202405/20240522/20240522-49790_1.jpg,"http://tkfile.yes24.com/Upload2/Board/202405/20240522/24052225.jpg, http://tkfile.yes24.com/Upload2/Board/202405/20240522/24052227.jpg, http://tkfile.yes24.com/Upload2/Board/202405/20240522/24052237_01.jpg, http://tkfile.yes24.com/Upload2/Board/202405/20240522/24052237_02.jpg",부산 영화의전당 하늘연극장,2024.06.30 ~ 2024.06.30,"도기문, 우키, 박도원"
http://ticket.yes24.com/Perf/49636,[캠핑권] 2024 인천펜타포트 락 페스티벌 X KB국민카드 스타샵,http://tkfile.yes24.com/upload2/PerfBlog/202406/20240603/20240603-49636.jpg,"http://tkfile.yes24.com/Upload2/Board/202406/20240603/24060310_01.jpg, http://tkfile.yes24.com/Upload2/Board/202406/20240603/24060310_02.jpg, http://tkfile.yes24.com/Upload2/Board/202406/20240603/24060310_03.jpg",송도달빛축제공원,2024.08.02 ~ 2024.08.04,-
http://ticket.yes24.com/Perf/49807,[통합권] 제19회 부산국제매직페스티벌 -매직 컨벤션-,http://tkfile.yes24.com/upload2/PerfBlog/202405/20240523/20240523-49807.jpg,"http://tkfile.yes24.com/Upload2/Board/202405/20240523/24052305.jpg, http://tkfile.yes24.com/Upload2/Board/202405/20240523/24052306_01.jpg, http://tkfile.yes24.com/Upload2/Board/202405/20240523/24052306_02.jpg, http://tkfile.yes24.com/Upload2/Board/202405/20240523/24052306_03.jpg, http://tkfile.yes24.com/Upload2/Board/202405/20240523/24052306_04.jpg, http://tkfile.yes24.com/Upload2/Board/202405/20240523/24052307_01.jpg, http://tkfile.yes24.com/Upload2/Board/202405/20240523/24052307_02.jpg, http://tkfile.yes24.com/Upload2/Board/202405/20240523/24052307_03.jpg, http://tkfile.yes24.com/Upload2/Board/202405/20240523/24052307_04.jpg","부산 영화의전당 하늘연극장, 부산디자인진흥원",2024.06.28 ~ 2024.06.30,
http://ticket.yes24.com/Perf/50092,[평택] 2024 변진섭 전국투어 콘서트：변천사,http://tkfile.yes24.com/upload2/PerfBlog/202406/20240620/20240620-50092.jpg,"http://tkfile.yes24.com/Upload2/Board/202406/20240620/24062016_01.jpg, http://tkfile.yes24.com/Upload2/Board/202406/20240620/24062016_02.jpg, http://tkfile.yes24.com/Upload2/Board/202406/20240620/24062016_03.jpg, http://tkfile.yes24.com/Upload2/Board/202406/20240620/24062016_04.jpg",평택 서부문화예술회관 대공연장,2024.07.27 ~ 2024.07.27,변진섭
http://ticket.yes24.com/Perf/49806,[MJ Rhythm] 제19회 부산국제매직페스티벌 -매직 컨벤션-,http://tkfile.yes24.com/upload2/PerfBlog/202405/20240523/20240523-49806.jpg,http://tkfile.yes24.com/Upload2/Board/202405/20240523/24052303.jpg,부산 영화의전당 하늘연극장,2024.06.28 ~ 2024.06.28,이명준
http://ticket.yes24.com/Perf/49758,[VIP패키지] XG 첫 월드 투어 [THE FIRST HOWL - Landing at Seoul],http://tkfile.yes24.com/upload2/PerfBlog/202405/20240524/20240524-49758.jpg,"http://tkfile.yes24.com/Upload2/Board/202405/20240524/24052420_01.jpg, http://tkfile.yes24.com/Upload2/Board/202405/20240524/24052420_02.jpg, http://tkfile.yes24.com/Upload2/Board/202405/20240524/24052420_03.jpg",YES24 LIVE HALL,2024.07.11 ~ 2024.07.11,XG(엑스지)
http://ticket.yes24.com/Perf/50079,〈옥주현 with Friends 뮤지컬 콘서트〉 - 수원,http://tkfile.yes24.com/upload2/PerfBlog/202406/20240619/20240619-50079.jpg,http://tkfile.yes24.com/Upload2/Board/202406/20240619/50079_2.jpg,경기아트센터 대극장,2024.07.17 ~ 2024.07.17,"옥주현, 조정은, 김주택"
http://ticket.yes24.com/Perf/49732,2024 부산국제록페스티벌 - Road to BU-ROCK 연계할인 티켓,http://tkfile.yes24.com/upload2/PerfBlog/202405/20240517/20240517-49732.jpg,"http://tkfile.yes24.com/Upload2/Board/202405/20240517/24051707_01.jpg, http://tkfile.yes24.com/Upload2/Board/202405/20240517/24051707_02.jpg, http://tkfile.yes24.com/Upload2/Board/202405/20240517/24051707_03.jpg",부산 사상구 삼락생태공원,2024.10.04 ~ 2024.10.06,-
http://ticket.yes24.com/Perf/49826,2024 부산국제록페스티벌 얼리버드 티켓,http://tkfile.yes24.com/upload2/PerfBlog/202405/20240530/20240530-49826.jpg,"http://tkfile.yes24.com/Upload2/Board/202406/20240605/24060510_01.jpg, http://tkfile.yes24.com/Upload2/Board/202406/20240605/24060510_02.jpg, http://tkfile.yes24.com/Upload2/Board/202406/20240605/24060510_03.jpg",부산 사상구 삼락생태공원,2024.10.04 ~ 2024.10.06,"Kasabian, Anne-Marie, 국카스텐, 잔나비, Frederic, GUYZ, 너드커넥션, 더 크로스"
http://ticket.yes24.com/Perf/49967,2024 블루밍 스테이지 [ 헤이즈 x 로꼬 ],http://tkfile.yes24.com/upload2/PerfBlog/202406/20240607/20240607-49967.jpg,"http://tkfile.yes24.com/Upload2/Board/202406/20240620/24062014_01.jpg, http://tkfile.yes24.com/Upload2/Board/202406/20240620/24062014_02.jpg, http://tkfile.yes24.com/Upload2/Board/202406/20240620/24062014_03.jpg, http://tkfile.yes24.com/Upload2/Board/202406/20240620/24062014_04.jpg, http://tkfile.yes24.com/Upload2/Board/202406/20240620/24062014_05.jpg",경희대학교 평화의전당,2024.07.27 ~ 2024.07.27,"헤이즈, 로꼬"
http://ticket.yes24.com/Perf/50169,2024 제3회 인디뮤직페스티벌 인디오텀 [In-die-Autumn],http://tkfile.yes24.com/upload2/PerfBlog/202406/20240627/20240627-50169.jpg,"http://tkfile.yes24.com/Upload2/Board/202406/20240628/24062804_01.jpg, http://tkfile.yes24.com/Upload2/Board/202406/20240628/24062804_02.jpg, http://tkfile.yes24.com/Upload2/Board/202406/20240628/24062804_03.jpg, http://tkfile.yes24.com/Upload2/Board/202406/20240628/24062804_04.jpg, http://tkfile.yes24.com/Upload2/Board/202406/20240628/24062805_01.jpg, http://tkfile.yes24.com/Upload2/Board/202406/20240628/24062805_02.jpg, http://tkfile.yes24.com/Upload2/Board/202406/20240628/24062805_03.jpg, http://tkfile.yes24.com/Upload2/Board/202406/20240628/24062805_04.jpg",현대카드 언더스테이지,2024.08.24 ~ 2024.08.24,"크라잉넛, 스킵잭, 사운드힐즈, 삼점일사(3.14), 루키6"
http://ticket.yes24.com/Special/49959,2024 NCT 127 8th ANNIVERSARY FANMEETING〈8ECRET INVITATION〉,http://tkfile.yes24.com/upload2/PerfBlog/202406/20240614/20240614-49959.jpg,http://tkfile.yes24.com/Upload2/Board/202406/20240615/49959_2_1.jpg,잠실실내체육관,2024.08.03 ~ 2024.08.04,NCT 127
http://ticket.yes24.com/Perf/49718,메타코미디 〈코미디 어셈블: 만담〉 _싱크넥스트24,http://tkfile.yes24.com/upload2/PerfBlog/202406/20240613/20240613-49718.jpg,"http://tkfile.yes24.com/Upload2/Board/202405/20240516/49718_N_01.jpg, http://tkfile.yes24.com/Upload2/Board/202405/20240516/49718_N_02.jpg, http://tkfile.yes24.com/Upload2/Board/202405/20240516/49718_N_03.jpg, http://tkfile.yes24.com/Upload2/Board/202405/20240516/49718_DC_01.jpg, http://tkfile.yes24.com/Upload2/Board/202405/20240516/49718_DC_02.jpg, http://tkfile.yes24.com/Upload2/Board/202406/20240611/49718_2_01.jpg, http://tkfile.yes24.com/Upload2/Board/202406/20240611/49718_2_02.jpg, http://tkfile.yes24.com/Upload2/Board/202406/20240611/49718_2_03.jpg, http://tkfile.yes24.com/Upload2/Board/202406/20240611/49718_2_04.jpg",세종문화회관 S씨어터,2024.08.15 ~ 2024.08.15,
http://ticket.yes24.com/Perf/49719,메타코미디 〈코미디 어셈블: 스탠드업〉 _싱크넥스트24,http://tkfile.yes24.com/upload2/PerfBlog/202405/20240516/20240516-49719.jpg,"http://tkfile.yes24.com/Upload2/Board/202405/20240516/49719_N_01.jpg, http://tkfile.yes24.com/Upload2/Board/202405/20240516/49719_N_02.jpg, http://tkfile.yes24.com/Upload2/Board/202405/20240516/49719_N_03.jpg, http://tkfile.yes24.com/Upload2/Board/202405/20240516/49718_DC_01_1.jpg, http://tkfile.yes24.com/Upload2/Board/202405/20240516/49718_DC_02_1.jpg, http://tkfile.yes24.com/Upload2/Board/202406/20240611/49719_2_01.jpg, http://tkfile.yes24.com/Upload2/Board/202406/20240611/49719_2_02.jpg, http://tkfile.yes24.com/Upload2/Board/202406/20240611/49719_2_03_1.jpg, http://tkfile.yes24.com/Upload2/Board/202406/20240611/49719_2_04.jpg",세종문화회관 S씨어터,2024.08.16 ~ 2024.08.17,
http://ticket.yes24.com/Perf/49717,유라 〈꽤 많은 수의 촉수 돌기〉 _싱크넥스트24,http://tkfile.yes24.com/upload2/PerfBlog/202405/20240516/20240516-49717.jpg,"http://tkfile.yes24.com/Upload2/Board/202405/20240516/49717_n_01.jpg, http://tkfile.yes24.com/Upload2/Board/202405/20240516/49717_n_02.jpg, http://tkfile.yes24.com/Upload2/Board/202405/20240516/49717_n_03.jpg, http://tkfile.yes24.com/Upload2/Board/202405/20240516/49717_dc_01.jpg, http://tkfile.yes24.com/Upload2/Board/202405/20240516/49717_dc_02.jpg, http://tkfile.yes24.com/Upload2/Board/202405/20240516/49717_2_01_2.jpg, http://tkfile.yes24.com/Upload2/Board/202405/20240516/49717_2_02.jpg, http://tkfile.yes24.com/Upload2/Board/202405/20240516/49717_2_03.jpg, http://tkfile.yes24.com/Upload2/Board/202405/20240516/49717_2_04.jpg",세종문화회관 S씨어터,2024.08.09 ~ 2024.08.10,
http://ticket.yes24.com/Perf/49985,재즈 와인에 빠지다 147th_패밀리파티,http://tkfile.yes24.com/upload2/PerfBlog/202406/20240611/20240611-49985_1.jpg,"http://tkfile.yes24.com/Upload2/Board/202406/20240611/24061105_01.jpg, http://tkfile.yes24.com/Upload2/Board/202406/20240611/24061105_02.jpg, http://tkfile.yes24.com/Upload2/Board/202406/20240611/24061105_03.jpg, http://tkfile.yes24.com/Upload2/Board/202406/20240611/24061105_04.jpg, http://tkfile.yes24.com/Upload2/Board/202406/20240611/24061105_05.jpg, http://tkfile.yes24.com/Upload2/Board/202406/20240611/24061105_06.jpg",공간 겟츠,2024.07.12 ~ 2024.07.12,"Pasquale Stafano, Gianni Iorio"
http://ticket.yes24.com/Perf/49867,창원 락 페스타_육중완 밴드 콘서트,http://tkfile.yes24.com/upload2/PerfBlog/202406/20240611/20240611-49867_1.jpg,"http://tkfile.yes24.com/Upload2/Board/202406/20240612/24061202_01.jpg, http://tkfile.yes24.com/Upload2/Board/202406/20240612/24061202_02.jpg, http://tkfile.yes24.com/Upload2/Board/202406/20240612/24061202_03.jpg, http://tkfile.yes24.com/Upload2/Board/202406/20240612/24061202_04.jpg, http://tkfile.yes24.com/Upload2/Board/202406/20240612/24061202_05.jpg",진해문화센터 야외공연장,2024.08.23 ~ 2024.08.23,육중완 밴드
http://ticket.yes24.com/Perf/49912,커트 로젠윈클 The Next Step Band,http://tkfile.yes24.com/upload2/PerfBlog/202406/20240607/20240607-49912.png,http://tkfile.yes24.com/Upload2/Board/202406/20240603/24060306.jpg,광림아트센터 장천홀,2024.08.02 ~ 2024.08.02,커트 로젠윈클
http://ticket.yes24.com/Perf/50065,"프레드 허쉬 Solo Piano 2024 - Silent, Listening",http://tkfile.yes24.com/upload2/PerfBlog/202406/20240620/20240620-50065.jpg,http://tkfile.yes24.com/Upload2/Board/202406/20240619/24061902.jpg,마포아트센터 아트홀맥,2024.09.07 ~ 2024.09.07,프레드 허쉬
http://ticket.yes24.com/Perf/49940,CHO TOKIMEKI SENDENBU KIMINO HEART NI ROCK ON TOUR 2024,http://tkfile.yes24.com/upload2/PerfBlog/202406/20240604/20240604-49940.jpg,"http://tkfile.yes24.com/Upload2/Board/202406/20240604/24060405_01.jpg, http://tkfile.yes24.com/Upload2/Board/202406/20240604/24060405_02.jpg, http://tkfile.yes24.com/Upload2/Board/202406/20240604/24060405_03.jpg, http://tkfile.yes24.com/Upload2/Board/202406/20240604/24060405_04.jpg, http://tkfile.yes24.com/Upload2/Board/202406/20240604/24060405_05.jpg, http://tkfile.yes24.com/Upload2/Board/202406/20240604/24060405_06.jpg",예스24 원더로크홀,2024.07.27 ~ 2024.07.27,CHO TOKIMEKI SENDENBU
http://ticket.yes24.com/Perf/49823,eaJ Live in Seoul ＂when the rain stopped following me＂,http://tkfile.yes24.com/upload2/PerfBlog/202405/20240524/20240524-49823.jpg,"http://tkfile.yes24.com/Upload2/Board/202405/20240527/24052710_01.jpg, http://tkfile.yes24.com/Upload2/Board/202405/20240527/24052710_02.jpg, http://tkfile.yes24.com/Upload2/Board/202405/20240527/24052710_03.jpg",YES24 LIVE HALL,2024.09.13 ~ 2024.09.14,eaJ
http://ticket.yes24.com/Perf/49805,EMOTIONAL ORANGES LIVE IN SEOUL 이모셔널 오렌지스 내한 공연,http://tkfile.yes24.com/upload2/PerfBlog/202405/20240524/20240524-49805.jpg,"http://tkfile.yes24.com/Upload2/Board/202406/20240607/24060711.jpg, http://tkfile.yes24.com/Upload2/Board/202406/20240607/24060712.jpg",YES24 LIVE HALL,2024.08.28 ~ 2024.08.28,"EMOTIONAL ORANGES, CHIIILD"
http://ticket.yes24.com/Perf/50125,NEKIRU 5th ONEMAN LIVE 「낭만주의」,http://tkfile.yes24.com/upload2/PerfBlog/202406/20240625/20240625-50125.jpg,"http://tkfile.yes24.com/Upload2/Board/202406/20240625/24062515_01.jpg, http://tkfile.yes24.com/Upload2/Board/202406/20240625/24062515_02.jpg",예스24 원더로크홀,2024.08.17 ~ 2024.08.17,NEKIRU
http://ticket.yes24.com/Perf/48817,NMIXX 공식 팬클럽 NSWER 2기 모집,http://tkfile.yes24.com/upload2/PerfBlog/202402/20240226/20240226-48817.jpg,http://tkfile.yes24.com/Upload2/Board/202402/20240226/48817k.jpg,회원모집,2024.02.26 ~ 2024.03.10,NMIXX
