,name,url
0,트레저,https://ticketimage.interpark.com/PlayDictionary/DATA/PlayDic/PlayDicUpload/040004/20/09/0400042009_46726_02258.gif
1,두아리파,https://ticketimage.interpark.com/PlayDictionary/DATA/PlayDic/PlayDicUpload/040004/18/04/0400041804_42855_02.gif
2,싸이,https://ticketimage.interpark.com/PlayDictionary/DATA/PlayDic/PlayDicUpload/040004/08/01/0400040801_5044_021006.gif
3,이문세,https://ticketimage.interpark.com/PlayDictionary/DATA/PlayDic/PlayDicUpload/040004/07/01/0400040701_1022_01.116.gif
4,SG워너비,https://ticketimage.interpark.com/PlayDictionary/DATA/PlayDic/PlayDicUpload/040004/07/01/0400040701_1023_01.524.jpg
5,이상은,https://ticketimage.interpark.com/PlayDictionary/DATA/PlayDic/PlayDicUpload/040004/07/01/0400040701_1267_01.jpg
6,검엑스,https://ticketimage.interpark.com/PlayDictionary/DATA/PlayDic/PlayDicUpload/040004/08/08/0400040808_10411_02.847.gif
7,아마도이자람밴드,https://ticketimage.interpark.com/PlayDictionary/DATA/PlayDic/PlayDicUpload/040004/09/04/0400040904_13670_02.438.gif
8,브로콜리너마저,https://ticketimage.interpark.com/PlayDictionary/DATA/PlayDic/PlayDicUpload/040004/09/05/0400040905_14272_021.941.gif
9,구남과여라이딩스텔라,https://ticketimage.interpark.com/PlayDictionary/DATA/PlayDic/PlayDicUpload/040004/09/10/0400040910_17656_02.gif
10,브로큰발렌타인,https://ticketimage.interpark.com/PlayDictionary/DATA/PlayDic/PlayDicUpload/040004/10/02/0400041002_19769_02221.gif
11,토,https://ticketimage.interpark.com/PlayDictionary/DATA/PlayDic/PlayDicUpload/040004/10/07/0400041007_22588_02.gif
12,추다혜,https://ticketimage.interpark.com/PlayDictionary/DATA/PlayDic/PlayDicUpload/040004/11/08/0400041108_26454_02.544.gif
13,글렌체크,https://ticketimage.interpark.com/PlayDictionary/DATA/PlayDic/PlayDicUpload/040004/11/08/0400041108_26624_02.gif
14,선우정아,https://ticketimage.interpark.com/PlayDictionary/DATA/PlayDic/PlayDicUpload/040004/13/01/0400041301_31107_02805.gif
15,램넌츠오브더폴른,https://openimage.interpark.com/ticket-desktop/pages/product/noImage_back.png
16,라이드,https://ticketimage.interpark.com/PlayDictionary/DATA/PlayDic/PlayDicUpload/040004/15/04/0400041504_36981_02.gif
17,잔나비,https://ticketimage.interpark.com/PlayDictionary/DATA/PlayDic/PlayDicUpload/040004/15/04/0400041504_37110_02007.gif
18,데이식스,https://ticketimage.interpark.com/PlayDictionary/DATA/PlayDic/PlayDicUpload/040004/15/10/0400041510_38219_02238.gif
19,새소년,https://ticketimage.interpark.com/PlayDictionary/DATA/PlayDic/PlayDicUpload/040004/18/02/0400041802_42505_02.158.gif
20,세이수미,https://openimage.interpark.com/ticket-desktop/pages/product/noImage_back.png
21,라쿠나,https://ticketimage.interpark.com/PlayDictionary/DATA/PlayDic/PlayDicUpload/040004/20/04/0400042004_46193_02.118.gif
22,실리카겔,https://ticketimage.interpark.com/PlayDictionary/DATA/PlayDic/PlayDicUpload/040004/21/03/0400042103_47335_02.133.gif
23,이승윤,https://ticketimage.interpark.com/PlayDictionary/DATA/PlayDic/PlayDicUpload/040004/21/05/0400042105_47574_02.120.gif
24,더픽스,https://ticketimage.interpark.com/PlayDictionary/DATA/PlayDic/PlayDicUpload/040004/21/11/0400042111_48703_02.002.gif
25,카디,https://ticketimage.interpark.com/PlayDictionary/DATA/PlayDic/PlayDicUpload/040004/21/11/0400042111_48707_02.250.gif
26,웨이브투어스,https://ticketimage.interpark.com/PlayDictionary/DATA/PlayDic/PlayDicUpload/040004/22/07/0400042207_49921_02.840.gif
27,터치드,https://ticketimage.interpark.com/PlayDictionary/DATA/PlayDic/PlayDicUpload/040004/22/09/0400042209_50323_02.615.gif
28,리도어,https://openimage.interpark.com/ticket-desktop/pages/product/noImage_back.png
29,한로로,https://ticketimage.interpark.com/PlayDictionary/DATA/PlayDic/PlayDicUpload/040004/23/08/0400042308_52422_02.116.gif
30,노엘갤러거,https://ticketimage.interpark.com/PlayDictionary/DATA/PlayDic/PlayDicUpload/040004/12/02/0400041202_27961_021.gif
31,넬,https://ticketimage.interpark.com/PlayDictionary/DATA/PlayDic/PlayDicUpload/040004/07/01/0400040701_1037_012531.019.gif
32,김윤아,https://ticketimage.interpark.com/PlayDictionary/DATA/PlayDic/PlayDicUpload/040004/08/02/0400040802_6978_02.216.gif
33,너드커넥션,https://ticketimage.interpark.com/PlayDictionary/DATA/PlayDic/PlayDicUpload/040004/21/06/0400042106_47907_02.511.gif
34,오월오일,https://ticketimage.interpark.com/PlayDictionary/DATA/PlayDic/PlayDicUpload/040004/22/09/0400042209_50321_02.345.gif
35,10cm,https://ticketimage.interpark.com/PlayDictionary/DATA/PlayDic/PlayDicUpload/040004/10/04/0400041004_21390_02650.gif
36,김창옥,https://openimage.interpark.com/ticket-desktop/pages/product/noImage_back.png
37,엑스디너리히어로즈,https://openimage.interpark.com/ticket-desktop/pages/product/noImage_back.png
38,다섯,https://openimage.interpark.com/ticket-desktop/pages/product/noImage_back.png
39,윤마치,https://ticketimage.interpark.com/PlayDictionary/DATA/PlayDic/PlayDicUpload/040004/24/04/0400042404_53761_02.gif
40,씨엔블루,https://ticketimage.interpark.com/PlayDictionary/DATA/PlayDic/PlayDicUpload/040004/10/05/0400041005_21471_02.541.gif
41,원위,https://ticketimage.interpark.com/PlayDictionary/DATA/PlayDic/PlayDicUpload/040004/21/02/0400042102_47261_02.951.gif
42,장기하,https://ticketimage.interpark.com/PlayDictionary/DATA/PlayDic/PlayDicUpload/040004/11/02/0400041102_24598_02.846.gif
43,죠지,https://ticketimage.interpark.com/PlayDictionary/DATA/PlayDic/PlayDicUpload/040004/18/12/0400041812_44077_02.gif
44,한요한,https://ticketimage.interpark.com/PlayDictionary/DATA/PlayDic/PlayDicUpload/040004/17/06/0400041706_41318_02306.gif
45,아일,https://ticketimage.interpark.com/PlayDictionary/DATA/PlayDic/PlayDicUpload/040004/21/12/0400042112_48861_02.450.gif
46,키드밀리,https://ticketimage.interpark.com/PlayDictionary/DATA/PlayDic/PlayDicUpload/040004/17/11/0400041711_42110_02640.gif
47,FT아일랜드,https://ticketimage.interpark.com/PlayDictionary/DATA/PlayDic/PlayDicUpload/040004/07/01/0400040701_1099_011.529.jpg
48,소수빈,https://ticketimage.interpark.com/PlayDictionary/DATA/PlayDic/PlayDicUpload/040004/18/02/0400041802_42481_02.gif
49,로이킴,https://ticketimage.interpark.com/PlayDictionary/DATA/PlayDic/PlayDicUpload/040004/12/11/0400041211_30471_02100.646.gif
50,엔플라잉,https://ticketimage.interpark.com/PlayDictionary/DATA/PlayDic/PlayDicUpload/040004/15/03/0400041503_36924_02201.gif
51,정준일,https://ticketimage.interpark.com/PlayDictionary/DATA/PlayDic/PlayDicUpload/040004/11/08/0400041108_26629_02634.gif
52,최유리,https://ticketimage.interpark.com/PlayDictionary/DATA/PlayDic/PlayDicUpload/040004/20/10/0400042010_46796_02.745.gif
53,폴킴,https://ticketimage.interpark.com/PlayDictionary/DATA/PlayDic/PlayDicUpload/040004/17/02/0400041702_40916_02821.558.gif
54,후이,https://ticketimage.interpark.com/PlayDictionary/DATA/PlayDic/PlayDicUpload/040004/20/07/0400042007_46521_02319.gif
55,92914,https://openimage.interpark.com/ticket-desktop/pages/product/noImage_back.png
56,신지훈,https://ticketimage.interpark.com/PlayDictionary/DATA/PlayDic/PlayDicUpload/040004/21/09/0400042109_48351_02.012.gif
57,카더가든,https://ticketimage.interpark.com/PlayDictionary/DATA/PlayDic/PlayDicUpload/040004/14/11/0400041411_36126_02113.239.gif
58,서인국,https://ticketimage.interpark.com/PlayDictionary/DATA/PlayDic/PlayDicUpload/040004/10/01/0400041001_19462_02.gif
59,이은미,https://ticketimage.interpark.com/PlayDictionary/DATA/PlayDic/PlayDicUpload/040004/07/01/0400040701_1250_012.jpg
60,한웅원,https://ticketimage.interpark.com/PlayDictionary/DATA/PlayDic/PlayDicUpload/040004/09/07/0400040907_16290_021.gif
61,민경인,https://ticketimage.interpark.com/PlayDictionary/DATA/PlayDic/PlayDicUpload/040004/09/08/0400040908_16638_02.622.gif
62,최진배,https://ticketimage.interpark.com/PlayDictionary/DATA/PlayDic/PlayDicUpload/040004/10/10/0400041010_23509_02.gif
63,김범수,https://ticketimage.interpark.com/PlayDictionary/DATA/PlayDic/PlayDicUpload/040004/08/01/0400040801_4855_02.221.gif
64,김재중,https://ticketimage.interpark.com/PlayDictionary/DATA/PlayDic/PlayDicUpload/040004/12/12/0400041212_30839_022.949.gif
65,임한별,https://ticketimage.interpark.com/PlayDictionary/DATA/PlayDic/PlayDicUpload/040004/20/06/0400042006_46346_02945.056.gif
66,박창근,https://ticketimage.interpark.com/PlayDictionary/DATA/PlayDic/PlayDicUpload/040004/09/08/0400040908_16418_02506.gif
67,김태균,https://ticketimage.interpark.com/PlayDictionary/DATA/PlayDic/PlayDicUpload/040004/07/01/0400040701_48_01.jpg
68,옥주현,https://ticketimage.interpark.com/PlayDictionary/DATA/PlayDic/PlayDicUpload/040004/07/01/0400040701_3727_011.jpg
69,현진영,https://ticketimage.interpark.com/PlayDictionary/DATA/PlayDic/PlayDicUpload/040004/11/06/0400041106_25949_02.119.gif
70,한상일,https://ticketimage.interpark.com/PlayDictionary/DATA/PlayDic/PlayDicUpload/040004/15/09/0400041509_38033_02.gif
71,유미,https://ticketimage.interpark.com/PlayDictionary/DATA/PlayDic/PlayDicUpload/040004/15/09/0400041509_38124_02.956.gif
72,김기태,https://ticketimage.interpark.com/PlayDictionary/DATA/PlayDic/PlayDicUpload/040004/22/07/0400042207_49936_02.708.gif
73,박정현,https://ticketimage.interpark.com/PlayDictionary/DATA/PlayDic/PlayDicUpload/040004/07/01/0400040701_1040_01.jpg
74,변진섭,https://ticketimage.interpark.com/PlayDictionary/DATA/PlayDic/PlayDicUpload/040004/08/01/0400040801_4685_02.gif
75,로꼬,https://ticketimage.interpark.com/PlayDictionary/DATA/PlayDic/PlayDicUpload/040004/12/09/0400041209_29838_02549.037.gif
76,헤이즈,https://ticketimage.interpark.com/PlayDictionary/DATA/PlayDic/PlayDicUpload/040004/15/10/0400041510_38319_02454.gif
77,심수봉,https://ticketimage.interpark.com/PlayDictionary/DATA/PlayDic/PlayDicUpload/040004/07/01/0400040701_1030_011.jpg
78,어반자카파,https://ticketimage.interpark.com/PlayDictionary/DATA/PlayDic/PlayDicUpload/040004/10/09/0400041009_23176_021.gif
79,김용임,https://ticketimage.interpark.com/PlayDictionary/DATA/PlayDic/PlayDicUpload/040004/09/08/0400040908_16739_02009.gif
80,진성,https://ticketimage.interpark.com/PlayDictionary/DATA/PlayDic/PlayDicUpload/040004/15/07/0400041507_37589_02936.gif
81,오은영,https://ticketimage.interpark.com/PlayDictionary/DATA/PlayDic/PlayDicUpload/040004/23/02/0400042302_51261_02.435.gif
82,소란,https://ticketimage.interpark.com/PlayDictionary/DATA/PlayDic/PlayDicUpload/040004/10/11/0400041011_23964_02312.931.gif
83,정동화,https://ticketimage.interpark.com/PlayDictionary/DATA/PlayDic/PlayDicUpload/040004/07/01/0400040701_4195_01.jpg
84,윤성,https://ticketimage.interpark.com/PlayDictionary/DATA/PlayDic/PlayDicUpload/040004/22/08/0400042208_50027_02.312.gif
85,이승철,https://ticketimage.interpark.com/PlayDictionary/DATA/PlayDic/PlayDicUpload/040004/07/01/0400040701_999_011.jpg
86,주현미,https://ticketimage.interpark.com/PlayDictionary/DATA/PlayDic/PlayDicUpload/040004/07/01/0400040701_1394_011925.gif
87,변우석,https://ticketimage.interpark.com/PlayDictionary/DATA/PlayDic/PlayDicUpload/040004/15/08/0400041508_37962_02.313.gif
88,세븐틴,https://ticketimage.interpark.com/PlayDictionary/DATA/PlayDic/PlayDicUpload/040004/15/07/0400041507_37584_02343.gif
89,태민,https://ticketimage.interpark.com/PlayDictionary/DATA/PlayDic/PlayDicUpload/040004/16/04/0400041604_39458_02.752.gif
90,김경현,https://ticketimage.interpark.com/PlayDictionary/DATA/PlayDic/PlayDicUpload/040004/13/11/0400041311_33634_02.gif
91,김아름,https://ticketimage.interpark.com/PlayDictionary/DATA/PlayDic/PlayDicUpload/040004/24/06/0400042406_54144_02.gif
92,김오키,https://openimage.interpark.com/ticket-desktop/pages/product/noImage_back.png
93,김준수,https://ticketimage.interpark.com/PlayDictionary/DATA/PlayDic/PlayDicUpload/040004/16/11/0400041611_40480_02828.gif
94,나상현씨밴드,https://ticketimage.interpark.com/PlayDictionary/DATA/PlayDic/PlayDicUpload/040004/15/10/0400041510_38201_02.000.gif
95,전진희,https://ticketimage.interpark.com/PlayDictionary/DATA/PlayDic/PlayDicUpload/040004/18/06/0400041806_43253_02.gif
96,마이앤트메리,https://ticketimage.interpark.com/PlayDictionary/DATA/PlayDic/PlayDicUpload/040004/07/01/0400040701_1311_01.jpg
97,김도향,https://ticketimage.interpark.com/PlayDictionary/DATA/PlayDic/PlayDicUpload/040004/08/01/0400040801_5242_02.gif
98,김마스타,https://ticketimage.interpark.com/PlayDictionary/DATA/PlayDic/PlayDicUpload/040004/08/07/0400040807_9715_02.gif
99,밍기뉴,https://openimage.interpark.com/ticket-desktop/pages/product/noImage_back.png
100,박강수,https://ticketimage.interpark.com/PlayDictionary/DATA/PlayDic/PlayDicUpload/040004/10/11/0400041011_23788_02.gif
101,박우재,https://ticketimage.interpark.com/PlayDictionary/DATA/PlayDic/PlayDicUpload/040004/12/03/0400041203_28163_021.gif
102,블랙홀,https://ticketimage.interpark.com/PlayDictionary/DATA/PlayDic/PlayDicUpload/040004/07/01/0400040701_1109_011031.847.gif
103,사샤알렉스슬론,https://openimage.interpark.com/ticket-desktop/pages/product/noImage_back.png
104,서울전자음악단,https://ticketimage.interpark.com/PlayDictionary/DATA/PlayDic/PlayDicUpload/040004/08/02/0400040802_6789_02.gif
105,에녹,https://ticketimage.interpark.com/PlayDictionary/DATA/PlayDic/PlayDicUpload/040004/08/02/0400040802_6961_023929.304.gif
106,손태진,https://ticketimage.interpark.com/PlayDictionary/DATA/PlayDic/PlayDicUpload/040004/17/03/0400041703_41023_02429.654.gif
107,쏜애플,https://ticketimage.interpark.com/PlayDictionary/DATA/PlayDic/PlayDicUpload/040004/13/02/0400041302_31478_02219.621.gif
108,안치환,https://ticketimage.interpark.com/PlayDictionary/DATA/PlayDic/PlayDicUpload/040004/07/01/0400040701_1290_011.jpg
109,웅산,https://ticketimage.interpark.com/PlayDictionary/DATA/PlayDic/PlayDicUpload/040004/08/02/0400040802_6823_02.gif
110,유라,https://ticketimage.interpark.com/PlayDictionary/DATA/PlayDic/PlayDicUpload/040004/21/11/0400042111_48717_02.417.gif
111,윤딴딴,https://ticketimage.interpark.com/PlayDictionary/DATA/PlayDic/PlayDicUpload/040004/16/05/0400041605_39653_02326.gif
112,이금희,https://ticketimage.interpark.com/PlayDictionary/DATA/PlayDic/PlayDicUpload/040004/08/10/0400040810_11564_02.gif
113,이두헌,https://ticketimage.interpark.com/PlayDictionary/DATA/PlayDic/PlayDicUpload/040004/13/01/0400041301_31088_02.104.gif
114,장사익,https://ticketimage.interpark.com/PlayDictionary/DATA/PlayDic/PlayDicUpload/040004/07/01/0400040701_1200_012.jpg
115,장하은,https://ticketimage.interpark.com/PlayDictionary/DATA/PlayDic/PlayDicUpload/040004/22/08/0400042208_50088_02.045.gif
116,정아로,https://ticketimage.interpark.com/PlayDictionary/DATA/PlayDic/PlayDicUpload/040004/22/09/0400042209_50290_02.147.gif
117,코난그레이,https://openimage.interpark.com/ticket-desktop/pages/product/noImage_back.png
118,크랙샷,https://ticketimage.interpark.com/PlayDictionary/DATA/PlayDic/PlayDicUpload/040004/23/02/0400042302_51265_02.153.gif
119,프레드허쉬,https://ticketimage.interpark.com/PlayDictionary/DATA/PlayDic/PlayDicUpload/040004/13/02/0400041302_31298_02.gif
120,레이니,https://ticketimage.interpark.com/PlayDictionary/DATA/PlayDic/PlayDicUpload/040004/18/03/0400041803_42653_02634.gif
121,차은우,https://ticketimage.interpark.com/PlayDictionary/DATA/PlayDic/PlayDicUpload/040004/22/09/0400042209_50288_02.726.gif
122,이펙스,https://ticketimage.interpark.com/PlayDictionary/DATA/PlayDic/PlayDicUpload/040004/22/10/0400042210_50458_02.740.gif
123,트래비스,https://ticketimage.interpark.com/PlayDictionary/DATA/PlayDic/PlayDicUpload/040004/08/12/0400040812_12216_022.gif
124,권진아,https://ticketimage.interpark.com/PlayDictionary/DATA/PlayDic/PlayDicUpload/040004/15/03/0400041503_36869_02548.144.gif
125,홍이삭,https://ticketimage.interpark.com/PlayDictionary/DATA/PlayDic/PlayDicUpload/040004/18/08/0400041808_43555_02.901.gif
126,설,https://ticketimage.interpark.com/PlayDictionary/DATA/PlayDic/PlayDicUpload/040004/18/11/0400041811_43923_02.013.gif
127,알렉벤자민,https://openimage.interpark.com/ticket-desktop/pages/product/noImage_back.png
128,박완규,https://ticketimage.interpark.com/PlayDictionary/DATA/PlayDic/PlayDicUpload/040004/07/01/0400040701_46_01.jpg
129,소찬휘,https://ticketimage.interpark.com/PlayDictionary/DATA/PlayDic/PlayDicUpload/040004/07/01/0400040701_4203_012.jpg
130,강형호,https://ticketimage.interpark.com/PlayDictionary/DATA/PlayDic/PlayDicUpload/040004/19/09/0400041909_45310_02717.356.gif
131,포터로빈슨,https://ticketimage.interpark.com/PlayDictionary/DATA/PlayDic/PlayDicUpload/040004/13/08/0400041308_32870_021.gif
132,김원준,https://ticketimage.interpark.com/PlayDictionary/DATA/PlayDic/PlayDicUpload/040004/07/01/0400040701_1638_01.600.gif
133,김현정,https://ticketimage.interpark.com/PlayDictionary/DATA/PlayDic/PlayDicUpload/040004/09/07/0400040907_16004_02.gif
134,R.ef,https://ticketimage.interpark.com/PlayDictionary/DATA/PlayDic/PlayDicUpload/040004/12/06/0400041206_29021_02.140.gif
135,스페이스에이,https://ticketimage.interpark.com/PlayDictionary/DATA/PlayDic/PlayDicUpload/040004/13/04/0400041304_32070_02.213.gif
136,노이즈,https://openimage.interpark.com/ticket-desktop/pages/product/noImage_back.png
137,김성수,https://ticketimage.interpark.com/PlayDictionary/DATA/PlayDic/PlayDicUpload/040004/16/07/0400041607_39954_02322.gif
138,트라이토널,https://ticketimage.interpark.com/PlayDictionary/DATA/PlayDic/PlayDicUpload/040004/14/11/0400041411_36095_02.gif
139,니키로메로,https://openimage.interpark.com/ticket-desktop/pages/product/noImage_back.png
140,젠틀레인,https://ticketimage.interpark.com/PlayDictionary/DATA/PlayDic/PlayDicUpload/040004/08/10/0400040810_11420_021.127.gif
141,카즈미타테이시,https://ticketimage.interpark.com/PlayDictionary/DATA/PlayDic/PlayDicUpload/040004/11/10/0400041110_27024_02.gif
142,마오스즈키,https://ticketimage.interpark.com/PlayDictionary/DATA/PlayDic/PlayDicUpload/040004/11/10/0400041110_27025_02.gif
143,시노부사토,https://ticketimage.interpark.com/PlayDictionary/DATA/PlayDic/PlayDicUpload/040004/11/10/0400041110_27026_02.gif
144,요시다케이코,https://ticketimage.interpark.com/PlayDictionary/DATA/PlayDic/PlayDicUpload/040004/24/05/0400042405_54014_02.gif
145,소향,https://ticketimage.interpark.com/PlayDictionary/DATA/PlayDic/PlayDicUpload/040004/08/04/0400040804_7834_021.gif
146,정동하,https://ticketimage.interpark.com/PlayDictionary/DATA/PlayDic/PlayDicUpload/040004/11/10/0400041110_27023_022.gif
147,HYUN),https://cdnimg.melon.co.kr/cm2/artistcrop/images/006/72/859/672859_20230707114952.jpg/melon/thumbnail/320x300
148,IVE(아이브),https://cdnimg.melon.co.kr/cm2/artistcrop/images/030/55/146/3055146_20240426115008.jpg/melon/thumbnail/320x300
149,박서준,https://cdnimg.melon.co.kr/cm/artistcrop/images/006/49/813/649813.jpg/melon/thumbnail/320x300
150,이준형,https://cdnimg.melon.co.kr/cm2/artistcrop/images/027/49/174/2749174_20230623151429.jpg/melon/thumbnail/320x300
151,쿠기(Coogie),https://cdnimg.melon.co.kr/cm2/artistcrop/images/021/11/694/2111694_20230913105320.jpg/melon/thumbnail/320x300
152,로꼬,https://cdnimg.melon.co.kr/cm2/artistcrop/images/006/88/432/688432_20201014150323.jpg/melon/thumbnail/320x300
153,한요한,https://cdnimg.melon.co.kr/cm2/artistcrop/images/007/16/984/716984_20240422104110.jpg/melon/thumbnail/320x300
154,키드밀리(KidMilli),https://cdnimg.melon.co.kr/cm2/artistcrop/images/008/73/162/873162_20230530151627.jpg/melon/thumbnail/320x300
155,우원재,https://cdnimg.melon.co.kr/cm2/artistcrop/images/018/66/689/1866689_20221124114330.jpg/melon/thumbnail/320x300
156,저스디스(JUSTHIS),https://cdnimg.melon.co.kr/cm2/artistcrop/images/007/86/499/786499_20220722171049.jpg/melon/thumbnail/320x300
157,JAEHA(재하),https://cdnimg.melon.co.kr/cm2/artistcrop/images/028/62/839/2862839_20230724173256.jpg/melon/thumbnail/320x300
158,호미들,https://cdnimg.melon.co.kr/cm2/artistcrop/images/027/54/623/2754623_20201214142344.jpg/melon/thumbnail/320x300
159,CK,https://cdnimg.melon.co.kr/cm2/artistcrop/images/027/54/650/2754650_20201214131900.jpg/melon/thumbnail/320x300
160,Louie,https://cdnimg.melon.co.kr/cm2/artistcrop/images/027/53/718/2753718_20201214131704.jpg/melon/thumbnail/320x300
161,Chin,https://cdnimg.melon.co.kr/cm2/artistcrop/images/027/54/651/2754651_20201214132055.jpg/melon/thumbnail/320x300
162,SkinnyBrown,https://cdnimg.melon.co.kr/cm2/artistcrop/images/022/98/855/2298855_20230612181116.jpg/melon/thumbnail/320x300
163,Gist,https://cdnimg.melon.co.kr/cm2/artistcrop/images/026/35/191/2635191_20220121162731.jpg/melon/thumbnail/320x300
164,스카이민혁(Skyminhyuk),https://cdnimg.melon.co.kr/cm2/artistcrop/images/027/40/973/2740973_20230927173619.jpg/melon/thumbnail/320x300
165,PATEKO(파테코),https://cdnimg.melon.co.kr/cm2/artistcrop/images/027/50/866/2750866_20220303134059.jpg/melon/thumbnail/320x300
166,Jayciyucca(제이씨유카),https://cdnimg.melon.co.kr/cm2/artistcrop/images/021/12/746/2112746_20230703161847.jpg/melon/thumbnail/320x300
167,KidWine,https://cdnimg.melon.co.kr/cm2/artistcrop/images/009/14/277/914277_20220902144412.jpg/melon/thumbnail/320x300
168,TimeFeveR(타임피버),https://cdnimg.melon.co.kr/cm2/artistcrop/images/027/42/307/2742307_20231013135026.jpg/melon/thumbnail/320x300
169,네미시스,https://cdnimg.melon.co.kr/cm/artistcrop/images/001/61/201/161201.jpg/melon/thumbnail/320x300
170,맥거핀(MGFF),https://cdnimg.melon.co.kr/cm2/artistcrop/images/012/29/340/1229340_20240325164151.jpg/melon/thumbnail/320x300
171,달담,https://cdnimg.melon.co.kr/cm2/artistcrop/images/027/64/817/2764817_20230622101218.jpg/melon/thumbnail/320x300
172,현서(HYUNSEO),https://cdnimg.melon.co.kr/cm2/artistcrop/images/029/74/352/2974352_20240520094840.jpg/melon/thumbnail/320x300
173,김아름,https://cdnimg.melon.co.kr/cm2/artistcrop/images/006/84/670/684670_20230526161024.jpg/melon/thumbnail/320x300
174,위수(WISUE),https://cdnimg.melon.co.kr/cm2/artistcrop/images/012/03/737/1203737_20230622151419.jpg/melon/thumbnail/320x300
175,휘인(WheeIn),https://cdnimg.melon.co.kr/cm2/artistcrop/images/007/56/533/756533_20231012143849.jpg/melon/thumbnail/320x300
176,aespa,https://cdnimg.melon.co.kr/cm2/artistcrop/images/028/99/555/2899555_20240524121050.jpg/melon/thumbnail/320x300
177,춘길,https://cdnimg.melon.co.kr/cm2/artistcrop/images/031/82/594/3182594_20230112145928.jpg/melon/thumbnail/320x300
178,모세,https://cdnimg.melon.co.kr/cm2/artistcrop/images/001/65/535/165535_20220222162202.jpg/melon/thumbnail/320x300
179,Bump2Soul,https://cdnimg.melon.co.kr/cm2/artistcrop/images/036/16/563/3616563_20240305105615.jpg/melon/thumbnail/320x300
180,Souldelivery,https://cdnimg.melon.co.kr/cm2/artistcrop/images/030/68/764/3068764_20230810182447.jpg/melon/thumbnail/320x300
181,예빛,https://cdnimg.melon.co.kr/cm2/artistcrop/images/026/31/355/2631355_20231228120029.jpg/melon/thumbnail/320x300
182,I.M(아이엠),https://cdnimg.melon.co.kr/cm2/artistcrop/images/008/37/032/837032_20240325112047.jpg/melon/thumbnail/320x300
183,다섯(Dasutt),https://cdnimg.melon.co.kr/cm/artistcrop/images/012/29/977/1229977.jpg/melon/thumbnail/320x300
184,마치(MRCH),https://cdnimg.melon.co.kr/cm2/artistcrop/images/027/42/395/2742395_20240116140705.jpg/melon/thumbnail/320x300
185,CNBLUE(씨엔블루),https://cdnimg.melon.co.kr/cm2/artistcrop/images/004/50/801/450801_20211019182253.jpg/melon/thumbnail/320x300
186,I'll(아일),https://cdnimg.melon.co.kr/cm2/artistcrop/images/020/06/292/2006292_20230823150158.jpg/melon/thumbnail/320x300
187,오월오일(五月五日),https://cdnimg.melon.co.kr/cm2/artistcrop/images/027/43/985/2743985_20231103144446.jpg/melon/thumbnail/320x300
188,원위(ONEWE),https://cdnimg.melon.co.kr/cm2/artistcrop/images/022/98/862/2298862_20240417142403.jpg/melon/thumbnail/320x300
189,장기하,https://cdnimg.melon.co.kr/cm2/artistcrop/images/006/11/343/611343_20220211161048.jpg/melon/thumbnail/320x300
190,죠지,https://cdnimg.melon.co.kr/cm2/artistcrop/images/007/90/830/790830_20230406144114.jpg/melon/thumbnail/320x300
191,creespy,https://cdnimg.melon.co.kr/cm2/artistcrop/images/030/48/446/3048446_20230516145400.jpg/melon/thumbnail/320x300
192,Tabber,https://cdnimg.melon.co.kr/cm2/artistcrop/images/007/91/484/791484_20230801113823.jpg/melon/thumbnail/320x300
193,FTISLAND(FT아일랜드),https://cdnimg.melon.co.kr/cm2/artistcrop/images/002/26/490/226490_20230907133634.jpg/melon/thumbnail/320x300
194,Hi-FiUn!corn,https://cdnimg.melon.co.kr/cm2/artistcrop/images/034/67/455/3467455_20240603171245.jpg/melon/thumbnail/320x300
195,소수빈,https://cdnimg.melon.co.kr/cm2/artistcrop/images/007/15/573/715573_20240422112706.jpg/melon/thumbnail/320x300
196,신지훈,https://cdnimg.melon.co.kr/cm2/artistcrop/images/007/18/041/718041_20221124182543.jpg/melon/thumbnail/320x300
197,로이킴,https://cdnimg.melon.co.kr/cm2/artistcrop/images/006/99/632/699632_20240304182807.jpg/melon/thumbnail/320x300
198,엔플라잉(N.Flying),https://cdnimg.melon.co.kr/cm2/artistcrop/images/008/61/430/861430_20221017195927.jpg/melon/thumbnail/320x300
199,정준일,https://cdnimg.melon.co.kr/cm/artistcrop/images/002/42/988/242988.jpg/melon/thumbnail/320x300
200,채무자들,https://cdnimg.melon.co.kr/cm2/artistcrop/images/030/74/520/3074520_20230731103621.jpg/melon/thumbnail/320x300
201,최유리,https://cdnimg.melon.co.kr/cm2/artistcrop/images/026/45/970/2645970_20240318180831.jpg/melon/thumbnail/320x300
202,카더가든,https://cdnimg.melon.co.kr/cm2/artistcrop/images/007/35/506/735506_20230913155515.jpg/melon/thumbnail/320x300
203,폴킴,https://cdnimg.melon.co.kr/cm2/artistcrop/images/007/52/425/752425_20231218182329.jpg/melon/thumbnail/320x300
204,후이,https://cdnimg.melon.co.kr/cm2/artistcrop/images/009/91/770/991770_20240115160851.jpg/melon/thumbnail/320x300
205,92914,https://cdnimg.melon.co.kr/cm2/artistcrop/images/013/82/339/1382339_20240422155259.jpg/melon/thumbnail/320x300
206,Ruru(루루),https://cdnimg.melon.co.kr/cm2/artistcrop/images/029/64/104/2964104_20230503173636.jpg/melon/thumbnail/320x300
207,IOHBOY(아이오보이),https://cdnimg.melon.co.kr/cm2/artistcrop/images/027/48/293/2748293_20220429150330.jpg/melon/thumbnail/320x300
208,UVERworld,https://cdnimg.melon.co.kr/cm2/artistcrop/images/004/01/584/401584_20191203154651.jpg/melon/thumbnail/320x300
209,RedC,https://cdnimg.melon.co.kr/cm2/artistcrop/images/028/55/009/2855009_20240621133256.jpg/melon/thumbnail/320x300
210,(여자)아이들,https://cdnimg.melon.co.kr/cm2/artistcrop/images/021/37/482/2137482_20240118154521.jpg/melon/thumbnail/320x300
211,카이(Kai),https://cdnimg.melon.co.kr/cm/artistcrop/images/004/41/543/441543.jpg/melon/thumbnail/320x300
212,AliA,https://cdnimg.melon.co.kr/cm2/artistcrop/images/029/69/438/2969438_20231017163317.jpg/melon/thumbnail/320x300
213,cotoba(코토바),https://cdnimg.melon.co.kr/cm2/artistcrop/images/027/41/938/2741938_20231026095204.jpg/melon/thumbnail/320x300
214,전자양,https://cdnimg.melon.co.kr/cm2/artistcrop/images/000/11/046/11046_20211116165342.jpg/melon/thumbnail/320x300
215,태비(Taeb2),https://cdnimg.melon.co.kr/cm2/artistcrop/images/026/45/491/2645491_20231208140840.jpg/melon/thumbnail/320x300
216,소란(SORAN),https://cdnimg.melon.co.kr/cm2/artistcrop/images/004/93/280/493280_20231205110028.jpg/melon/thumbnail/320x300
217,TuesdayBeachClub,https://cdnimg.melon.co.kr/cm2/artistcrop/images/030/69/452/3069452_20240617135736.jpg/melon/thumbnail/320x300
218,킹스턴루디스카,https://cdnimg.melon.co.kr/cm/artistcrop/images/001/85/271/185271.jpg/melon/thumbnail/320x300
219,나날(NaaNaL),https://cdnimg.melon.co.kr/cm2/artistcrop/images/030/95/508/3095508_20220922104412.jpg/melon/thumbnail/320x300
220,김현창,https://cdnimg.melon.co.kr/cm2/artistcrop/images/019/56/911/1956911_20210524115755.jpg/melon/thumbnail/320x300
221,그_냥,https://cdnimg.melon.co.kr/cm2/artistcrop/images/008/75/308/875308_20230906143736.jpg/melon/thumbnail/320x300
222,유키스,https://cdnimg.melon.co.kr/cm2/artistcrop/images/002/59/928/259928_20230628115250.jpg/melon/thumbnail/320x300
223,일레인,https://cdnimg.melon.co.kr/cm2/artistcrop/images/007/85/350/785350_20240226154929.jpg/melon/thumbnail/320x300
224,변진섭,https://cdnimg.melon.co.kr/cm/artistcrop/images/000/01/128/1128.jpg/melon/thumbnail/320x300
225,생각의여름,https://cdnimg.melon.co.kr/cm2/artistcrop/images/004/33/105/433105_20210106165944.jpg/melon/thumbnail/320x300
226,박경환,https://cdnimg.melon.co.kr/cm/artistcrop/images/006/75/833/675833.jpg/melon/thumbnail/320x300
227,KazumiTateishiTrio,https://cdnimg.melon.co.kr/cm2/artistcrop/images/004/98/353/498353_20210721104824.jpg/melon/thumbnail/320x300
228,차우주,https://cdnimg.melon.co.kr/cm2/artistcrop/images/028/63/495/2863495_20220629155426.jpg/melon/thumbnail/320x300
229,초승(CHOSNG),https://cdnimg.melon.co.kr/cm2/artistcrop/images/028/92/130/2892130_20230811111259.jpg/melon/thumbnail/320x300
230,박장현(VROMANCE),https://cdnimg.melon.co.kr/cm2/artistcrop/images/005/91/712/591712_20220211180519.jpg/melon/thumbnail/320x300
231,찬민(CHANMIN),https://cdnimg.melon.co.kr/cm2/artistcrop/images/030/81/836/3081836_20240216103222.jpg/melon/thumbnail/320x300
232,모스크바서핑클럽,https://cdnimg.melon.co.kr/cm2/artistcrop/images/029/22/108/2922108_20231121174256.jpg/melon/thumbnail/320x300
233,ddbb,https://cdnimg.melon.co.kr/cm2/artistcrop/images/033/04/714/3304714_20240202134735.jpg/melon/thumbnail/320x300
234,Christopher,https://cdnimg.melon.co.kr/cm2/artistcrop/images/007/92/215/792215_20210910101121.jpg/melon/thumbnail/320x300
235,공중그늘,https://cdnimg.melon.co.kr/cm2/artistcrop/images/021/10/695/2110695_20221108091027.jpg/melon/thumbnail/320x300
236,버둥,https://cdnimg.melon.co.kr/cm2/artistcrop/images/008/89/920/889920_20220830103750.jpg/melon/thumbnail/320x300
237,MinaOkabe,https://cdnimg.melon.co.kr/cm2/artistcrop/images/028/99/158/2899158_20230324175722.jpg/melon/thumbnail/320x300
238,악퉁,https://cdnimg.melon.co.kr/cm2/artistcrop/images/002/46/067/246067_20210416124807.jpg/melon/thumbnail/320x300
239,더베인(THEVANE),https://cdnimg.melon.co.kr/cm2/artistcrop/images/009/13/031/913031_20240304095208.jpg/melon/thumbnail/320x300
240,추승엽,https://cdnimg.melon.co.kr/cm/artistcrop/images/000/13/846/13846.jpg/melon/thumbnail/320x300
241,채보훈(THEVANE),https://cdnimg.melon.co.kr/cm2/artistcrop/images/037/19/801/3719801_20240229183945.jpg/melon/thumbnail/320x300
242,강성희,https://cdnimg.melon.co.kr/cm/artistcrop/images/021/89/436/2189436.jpg/melon/thumbnail/320x300
243,은송,https://cdnimg.melon.co.kr/cm2/artistcrop/images/027/45/347/2745347_20240223172334.jpg/melon/thumbnail/320x300
244,Kniit(니트),https://cdnimg.melon.co.kr/cm2/artistcrop/images/024/00/851/2400851_20231013173347.jpg/melon/thumbnail/320x300
245,Aiino(아이노),https://cdnimg.melon.co.kr/cm2/artistcrop/images/028/97/995/2897995_20240311172304.jpg/melon/thumbnail/320x300
246,PIETA(피에타),https://cdnimg.melon.co.kr/cm2/artistcrop/images/009/58/739/958739_20240409173207.jpg/melon/thumbnail/320x300
247,신인류,https://cdnimg.melon.co.kr/cm2/artistcrop/images/022/98/840/2298840_20230707162934.jpg/melon/thumbnail/320x300
248,희도,https://cdnimg.melon.co.kr/cm2/artistcrop/images/007/77/883/777883_20240626134844.jpg/melon/thumbnail/320x300
249,이특(LEETEUK),https://cdnimg.melon.co.kr/cm2/artistcrop/images/005/17/700/517700_20240611175219.jpg/melon/thumbnail/320x300
250,코요태,https://cdnimg.melon.co.kr/cm2/artistcrop/images/001/00/022/100022_20230712103032.jpg/melon/thumbnail/320x300
251,지누션,https://cdnimg.melon.co.kr/cm/artistcrop/images/001/00/054/100054.jpg/melon/thumbnail/320x300
252,디바,https://cdnimg.melon.co.kr/cm/artistcrop/images/001/00/028/100028.jpg/melon/thumbnail/320x300
253,소찬휘,https://cdnimg.melon.co.kr/cm/artistcrop/images/000/03/897/3897.jpg/melon/thumbnail/320x300
254,김현정,https://cdnimg.melon.co.kr/cm/artistcrop/images/000/01/177/1177.jpg/melon/thumbnail/320x300
255,이재원,https://cdnimg.melon.co.kr/cm2/artistcrop/images/000/01/584/1584_20240527152816.jpg/melon/thumbnail/320x300
256,왁스,https://cdnimg.melon.co.kr/cm/artistcrop/images/000/02/267/2267.jpg/melon/thumbnail/320x300
257,스페이스에이,https://cdnimg.melon.co.kr/cm/artistcrop/images/001/00/063/100063.jpg/melon/thumbnail/320x300
258,MC스나이퍼,https://cdnimg.melon.co.kr/cm/artistcrop/images/000/07/560/7560.jpg/melon/thumbnail/320x300
259,현진영,https://cdnimg.melon.co.kr/cm/artistcrop/images/000/05/083/5083.jpg/melon/thumbnail/320x300
260,춘자(春子),https://cdnimg.melon.co.kr/cm/artistcrop/images/001/61/092/161092.jpg/melon/thumbnail/320x300
261,박준하,https://cdnimg.melon.co.kr/cm2/artistcrop/images/027/45/532/2745532_20240626133611.jpg/melon/thumbnail/320x300
262,이바다,https://cdnimg.melon.co.kr/cm2/artistcrop/images/008/60/753/860753_20240424164246.jpg/melon/thumbnail/320x300
263,오담률,https://cdnimg.melon.co.kr/cm2/artistcrop/images/021/11/772/2111772_20230810135456.jpg/melon/thumbnail/320x300
264,잭킹콩(JKC),https://cdnimg.melon.co.kr/cm2/artistcrop/images/026/20/722/2620722_20230519100446.jpg/melon/thumbnail/320x300
265,시인을위하여,https://cdnimg.melon.co.kr/cm2/artistcrop/images/029/60/602/2960602_20220621100134.jpg/melon/thumbnail/320x300
266,박재범,https://cdnimg.melon.co.kr/cm2/artistcrop/images/004/43/420/443420_20240627114352.jpg/melon/thumbnail/320x300
267,태민(TAEMIN),https://cdnimg.melon.co.kr/cm2/artistcrop/images/006/29/371/629371_20231027105315.jpg/melon/thumbnail/320x300
268,지코(ZICO),https://cdnimg.melon.co.kr/cm2/artistcrop/images/006/02/056/602056_20240426112932.jpg/melon/thumbnail/320x300
269,나연(TWICE),https://cdnimg.melon.co.kr/cm2/artistcrop/images/009/06/641/906641_20240524142236.jpg/melon/thumbnail/320x300
270,사이먼도미닉,https://cdnimg.melon.co.kr/cm2/artistcrop/images/004/28/847/428847_20211124172652.jpg/melon/thumbnail/320x300
271,KISSOFLIFE,https://cdnimg.melon.co.kr/cm2/artistcrop/images/034/65/800/3465800_20240403113534.jpg/melon/thumbnail/320x300
272,창모(CHANGMO),https://cdnimg.melon.co.kr/cm2/artistcrop/images/007/74/900/774900_20240129141111.jpg/melon/thumbnail/320x300
273,권은비,https://cdnimg.melon.co.kr/cm2/artistcrop/images/023/99/727/2399727_20240618112024.jpg/melon/thumbnail/320x300
274,선미,https://cdnimg.melon.co.kr/cm2/artistcrop/images/000/22/938/22938_20240604120029.jpg/melon/thumbnail/320x300
275,백호,https://cdnimg.melon.co.kr/cm2/artistcrop/images/006/72/808/672808_20231207142054.jpg/melon/thumbnail/320x300
276,제시(Jessi),https://cdnimg.melon.co.kr/cm2/artistcrop/images/001/76/393/176393_20231020182642.jpg/melon/thumbnail/320x300
277,화사(HWASA),https://cdnimg.melon.co.kr/cm2/artistcrop/images/007/56/531/756531_20230830113847.jpg/melon/thumbnail/320x300
278,청하,https://cdnimg.melon.co.kr/cm2/artistcrop/images/009/68/265/968265_20240311112723.jpg/melon/thumbnail/320x300
279,비비(BIBI),https://cdnimg.melon.co.kr/cm2/artistcrop/images/024/03/002/2403002_20240213132706.jpg/melon/thumbnail/320x300
280,유아(오마이걸),https://cdnimg.melon.co.kr/cm2/artistcrop/images/008/58/000/858000_20240314133016.jpg/melon/thumbnail/320x300
281,이영지,https://cdnimg.melon.co.kr/cm2/artistcrop/images/026/36/153/2636153_20240621093907.jpg/melon/thumbnail/320x300
282,GRAY(그레이),https://cdnimg.melon.co.kr/cm2/artistcrop/images/006/72/625/672625_20210817160521.jpg/melon/thumbnail/320x300
283,프로미스나인,https://cdnimg.melon.co.kr/cm2/artistcrop/images/020/19/210/2019210_20230605140205.jpg/melon/thumbnail/320x300
284,pH-1,https://cdnimg.melon.co.kr/cm2/artistcrop/images/009/43/511/943511_20231103101050.jpg/melon/thumbnail/320x300
285,민호(MINHO),https://cdnimg.melon.co.kr/cm2/artistcrop/images/006/68/891/668891_20240105132350.jpg/melon/thumbnail/320x300
286,82MAJOR(82메이저),https://cdnimg.melon.co.kr/cm2/artistcrop/images/035/73/387/3573387_20240419113003.jpg/melon/thumbnail/320x300
287,주호,https://cdnimg.melon.co.kr/cm2/artistcrop/images/012/02/379/1202379_20240108172829.jpg/melon/thumbnail/320x300
288,CreepyNuts,https://cdnimg.melon.co.kr/cm/artistcrop/images/025/58/470/2558470.jpg/melon/thumbnail/320x300
289,박소은,https://cdnimg.melon.co.kr/cm2/artistcrop/images/012/73/981/1273981_20240503154407.jpg/melon/thumbnail/320x300
290,유발이(U.BAR.E),https://cdnimg.melon.co.kr/cm2/artistcrop/images/006/09/734/609734_20210312113128.jpg/melon/thumbnail/320x300
291,솔루션스(THESOLUTIONS),https://cdnimg.melon.co.kr/cm2/artistcrop/images/006/74/299/674299_20240626135325.jpg/melon/thumbnail/320x300
292,OAH!(오아!),https://cdnimg.melon.co.kr/cm2/artistcrop/images/028/90/196/2890196_20240423164852.jpg/melon/thumbnail/320x300
293,사공(Sagong),https://cdnimg.melon.co.kr/cm2/artistcrop/images/026/31/662/2631662_20230213135031.jpg/melon/thumbnail/320x300
294,PITTA(강형호),https://cdnimg.melon.co.kr/cm2/artistcrop/images/019/08/704/1908704_20240103182643.jpg/melon/thumbnail/320x300
295,포레스텔라(Forestella),https://cdnimg.melon.co.kr/cm2/artistcrop/images/021/11/354/2111354_20231108110241.jpg/melon/thumbnail/320x300
296,프롬,https://cdnimg.melon.co.kr/cm2/artistcrop/images/005/70/302/570302_20221202164104.jpg/melon/thumbnail/320x300
297,적란운,https://cdnimg.melon.co.kr/cm2/artistcrop/images/032/00/120/3200120_20231030134258.jpg/melon/thumbnail/320x300
298,AddAllEars,https://cdnimg.melon.co.kr/cm2/artistcrop/images/030/65/873/3065873_20231129173013.jpg/melon/thumbnail/320x300
299,기프트(GIFT),https://cdnimg.melon.co.kr/cm2/artistcrop/images/020/20/237/2020237_20231019084534.jpg/melon/thumbnail/320x300
300,김정민,https://cdnimg.melon.co.kr/cm/artistcrop/images/000/04/764/4764.jpg/melon/thumbnail/320x300
301,장들레,https://cdnimg.melon.co.kr/cm/artistcrop/images/008/70/933/870933.jpg/melon/thumbnail/320x300
302,RedVelvet(레드벨벳),https://cdnimg.melon.co.kr/cm2/artistcrop/images/007/80/066/780066_20240618100837.jpg/melon/thumbnail/320x300
303,김준서,https://cdnimg.melon.co.kr/cm2/artistcrop/images/021/12/421/2112421_20230428160749.jpg/melon/thumbnail/320x300
304,AJR,https://cdnimg.melon.co.kr/cm2/artistcrop/images/007/70/539/770539_20220729114418.jpg/melon/thumbnail/320x300
305,YoshidaKeico,https://cdnimg.melon.co.kr/cm2/artistcrop/images/000/32/853/32853_20200615153008.jpg/melon/thumbnail/320x300
306,젠틀레인(GentleRain),https://cdnimg.melon.co.kr/cm2/artistcrop/images/001/80/128/180128_20200304171623.jpg/melon/thumbnail/320x300
307,RIIZE,https://cdnimg.melon.co.kr/cm2/artistcrop/images/034/78/478/3478478_20240618103221.jpg/melon/thumbnail/320x300
308,MattMaltese,https://cdnimg.melon.co.kr/cm/artistcrop/images/011/83/311/1183311.jpg/melon/thumbnail/320x300
309,ChihiroYamazaki+Route14Band,https://cdnimg.melon.co.kr/cm2/artistcrop/images/007/18/555/718555_20230614145225.jpg/melon/thumbnail/320x300
310,A-FUZZ(에이퍼즈),https://cdnimg.melon.co.kr/cm2/artistcrop/images/008/39/703/839703_20220928145248.jpg/melon/thumbnail/320x300
311,이승철,https://i.namu.wiki/i/Bge3xnYd4kRe_IKbm2uqxlhQJij2SngwNssjpjaOyOqoRhQlNwLrR2ZiK-JWJ2b99RGcSxDaZ2UCI7fiv4IDDQ.webp
312,이승환밴드,https://i.namu.wiki/i/Bge3xnYd4kRe_IKbm2uqxlhQJij2SngwNssjpjaOyOqoRhQlNwLrR2ZiK-JWJ2b99RGcSxDaZ2UCI7fiv4IDDQ.webp
313,EMOTIONALORANGES,https://i.namu.wiki/i/Bge3xnYd4kRe_IKbm2uqxlhQJij2SngwNssjpjaOyOqoRhQlNwLrR2ZiK-JWJ2b99RGcSxDaZ2UCI7fiv4IDDQ.webp
314,CHIIILD,https://i.namu.wiki/i/Bge3xnYd4kRe_IKbm2uqxlhQJij2SngwNssjpjaOyOqoRhQlNwLrR2ZiK-JWJ2b99RGcSxDaZ2UCI7fiv4IDDQ.webp
315,이세계아이돌릴파,https://i.namu.wiki/i/Bge3xnYd4kRe_IKbm2uqxlhQJij2SngwNssjpjaOyOqoRhQlNwLrR2ZiK-JWJ2b99RGcSxDaZ2UCI7fiv4IDDQ.webp
316,김현중,https://i.namu.wiki/i/Bge3xnYd4kRe_IKbm2uqxlhQJij2SngwNssjpjaOyOqoRhQlNwLrR2ZiK-JWJ2b99RGcSxDaZ2UCI7fiv4IDDQ.webp
317,ARTMS,https://i.namu.wiki/i/Bge3xnYd4kRe_IKbm2uqxlhQJij2SngwNssjpjaOyOqoRhQlNwLrR2ZiK-JWJ2b99RGcSxDaZ2UCI7fiv4IDDQ.webp
318,허회경,https://i.namu.wiki/i/Bge3xnYd4kRe_IKbm2uqxlhQJij2SngwNssjpjaOyOqoRhQlNwLrR2ZiK-JWJ2b99RGcSxDaZ2UCI7fiv4IDDQ.webp
319,니엘,https://i.namu.wiki/i/Bge3xnYd4kRe_IKbm2uqxlhQJij2SngwNssjpjaOyOqoRhQlNwLrR2ZiK-JWJ2b99RGcSxDaZ2UCI7fiv4IDDQ.webp
320,tripleS(트리플에스),https://i.namu.wiki/i/Bge3xnYd4kRe_IKbm2uqxlhQJij2SngwNssjpjaOyOqoRhQlNwLrR2ZiK-JWJ2b99RGcSxDaZ2UCI7fiv4IDDQ.webp
321,LiSA,https://i.namu.wiki/i/Bge3xnYd4kRe_IKbm2uqxlhQJij2SngwNssjpjaOyOqoRhQlNwLrR2ZiK-JWJ2b99RGcSxDaZ2UCI7fiv4IDDQ.webp
322,윤딴딴,https://i.namu.wiki/i/Bge3xnYd4kRe_IKbm2uqxlhQJij2SngwNssjpjaOyOqoRhQlNwLrR2ZiK-JWJ2b99RGcSxDaZ2UCI7fiv4IDDQ.webp
323,헤이즈x로꼬,https://i.namu.wiki/i/Bge3xnYd4kRe_IKbm2uqxlhQJij2SngwNssjpjaOyOqoRhQlNwLrR2ZiK-JWJ2b99RGcSxDaZ2UCI7fiv4IDDQ.webp
324,강형호,https://i.namu.wiki/i/Bge3xnYd4kRe_IKbm2uqxlhQJij2SngwNssjpjaOyOqoRhQlNwLrR2ZiK-JWJ2b99RGcSxDaZ2UCI7fiv4IDDQ.webp
325,허지원,https://i.namu.wiki/i/Bge3xnYd4kRe_IKbm2uqxlhQJij2SngwNssjpjaOyOqoRhQlNwLrR2ZiK-JWJ2b99RGcSxDaZ2UCI7fiv4IDDQ.webp
326,10일대니초,https://i.namu.wiki/i/Bge3xnYd4kRe_IKbm2uqxlhQJij2SngwNssjpjaOyOqoRhQlNwLrR2ZiK-JWJ2b99RGcSxDaZ2UCI7fiv4IDDQ.webp
327,김동하,https://i.namu.wiki/i/Bge3xnYd4kRe_IKbm2uqxlhQJij2SngwNssjpjaOyOqoRhQlNwLrR2ZiK-JWJ2b99RGcSxDaZ2UCI7fiv4IDDQ.webp
328,송하빈,https://i.namu.wiki/i/Bge3xnYd4kRe_IKbm2uqxlhQJij2SngwNssjpjaOyOqoRhQlNwLrR2ZiK-JWJ2b99RGcSxDaZ2UCI7fiv4IDDQ.webp
329,김영구,https://i.namu.wiki/i/Bge3xnYd4kRe_IKbm2uqxlhQJij2SngwNssjpjaOyOqoRhQlNwLrR2ZiK-JWJ2b99RGcSxDaZ2UCI7fiv4IDDQ.webp
330,박철현11일김동하,https://i.namu.wiki/i/Bge3xnYd4kRe_IKbm2uqxlhQJij2SngwNssjpjaOyOqoRhQlNwLrR2ZiK-JWJ2b99RGcSxDaZ2UCI7fiv4IDDQ.webp
331,이제규,https://i.namu.wiki/i/Bge3xnYd4kRe_IKbm2uqxlhQJij2SngwNssjpjaOyOqoRhQlNwLrR2ZiK-JWJ2b99RGcSxDaZ2UCI7fiv4IDDQ.webp
332,손동훈,https://i.namu.wiki/i/Bge3xnYd4kRe_IKbm2uqxlhQJij2SngwNssjpjaOyOqoRhQlNwLrR2ZiK-JWJ2b99RGcSxDaZ2UCI7fiv4IDDQ.webp
333,김주환,https://i.namu.wiki/i/Bge3xnYd4kRe_IKbm2uqxlhQJij2SngwNssjpjaOyOqoRhQlNwLrR2ZiK-JWJ2b99RGcSxDaZ2UCI7fiv4IDDQ.webp
334,박철현,https://i.namu.wiki/i/Bge3xnYd4kRe_IKbm2uqxlhQJij2SngwNssjpjaOyOqoRhQlNwLrR2ZiK-JWJ2b99RGcSxDaZ2UCI7fiv4IDDQ.webp
335,김태균,https://i.namu.wiki/i/Bge3xnYd4kRe_IKbm2uqxlhQJij2SngwNssjpjaOyOqoRhQlNwLrR2ZiK-JWJ2b99RGcSxDaZ2UCI7fiv4IDDQ.webp
336,015B,https://i.namu.wiki/i/Bge3xnYd4kRe_IKbm2uqxlhQJij2SngwNssjpjaOyOqoRhQlNwLrR2ZiK-JWJ2b99RGcSxDaZ2UCI7fiv4IDDQ.webp
337,김기태,https://i.namu.wiki/i/Bge3xnYd4kRe_IKbm2uqxlhQJij2SngwNssjpjaOyOqoRhQlNwLrR2ZiK-JWJ2b99RGcSxDaZ2UCI7fiv4IDDQ.webp
338,노사연,https://i.namu.wiki/i/Bge3xnYd4kRe_IKbm2uqxlhQJij2SngwNssjpjaOyOqoRhQlNwLrR2ZiK-JWJ2b99RGcSxDaZ2UCI7fiv4IDDQ.webp
339,QM,https://i.namu.wiki/i/Bge3xnYd4kRe_IKbm2uqxlhQJij2SngwNssjpjaOyOqoRhQlNwLrR2ZiK-JWJ2b99RGcSxDaZ2UCI7fiv4IDDQ.webp
340,프롬올투휴먼,https://i.namu.wiki/i/Bge3xnYd4kRe_IKbm2uqxlhQJij2SngwNssjpjaOyOqoRhQlNwLrR2ZiK-JWJ2b99RGcSxDaZ2UCI7fiv4IDDQ.webp
341,샤메이,https://i.namu.wiki/i/Bge3xnYd4kRe_IKbm2uqxlhQJij2SngwNssjpjaOyOqoRhQlNwLrR2ZiK-JWJ2b99RGcSxDaZ2UCI7fiv4IDDQ.webp
342,PITTA강형호,https://i.namu.wiki/i/Bge3xnYd4kRe_IKbm2uqxlhQJij2SngwNssjpjaOyOqoRhQlNwLrR2ZiK-JWJ2b99RGcSxDaZ2UCI7fiv4IDDQ.webp
343,원혁(특별출연개그맨이용식,https://i.namu.wiki/i/Bge3xnYd4kRe_IKbm2uqxlhQJij2SngwNssjpjaOyOqoRhQlNwLrR2ZiK-JWJ2b99RGcSxDaZ2UCI7fiv4IDDQ.webp
344,이수민),https://i.namu.wiki/i/Bge3xnYd4kRe_IKbm2uqxlhQJij2SngwNssjpjaOyOqoRhQlNwLrR2ZiK-JWJ2b99RGcSxDaZ2UCI7fiv4IDDQ.webp
345,박인희,https://i.namu.wiki/i/Bge3xnYd4kRe_IKbm2uqxlhQJij2SngwNssjpjaOyOqoRhQlNwLrR2ZiK-JWJ2b99RGcSxDaZ2UCI7fiv4IDDQ.webp
346,김창옥,https://i.namu.wiki/i/Bge3xnYd4kRe_IKbm2uqxlhQJij2SngwNssjpjaOyOqoRhQlNwLrR2ZiK-JWJ2b99RGcSxDaZ2UCI7fiv4IDDQ.webp
347,변진섭,https://i.namu.wiki/i/Bge3xnYd4kRe_IKbm2uqxlhQJij2SngwNssjpjaOyOqoRhQlNwLrR2ZiK-JWJ2b99RGcSxDaZ2UCI7fiv4IDDQ.webp
348,이은결,https://i.namu.wiki/i/Bge3xnYd4kRe_IKbm2uqxlhQJij2SngwNssjpjaOyOqoRhQlNwLrR2ZiK-JWJ2b99RGcSxDaZ2UCI7fiv4IDDQ.webp
349,최정원,https://i.namu.wiki/i/Bge3xnYd4kRe_IKbm2uqxlhQJij2SngwNssjpjaOyOqoRhQlNwLrR2ZiK-JWJ2b99RGcSxDaZ2UCI7fiv4IDDQ.webp
350,홍지민,https://i.namu.wiki/i/Bge3xnYd4kRe_IKbm2uqxlhQJij2SngwNssjpjaOyOqoRhQlNwLrR2ZiK-JWJ2b99RGcSxDaZ2UCI7fiv4IDDQ.webp
351,뮤지컬단윙크등,https://i.namu.wiki/i/Bge3xnYd4kRe_IKbm2uqxlhQJij2SngwNssjpjaOyOqoRhQlNwLrR2ZiK-JWJ2b99RGcSxDaZ2UCI7fiv4IDDQ.webp
352,최형배,https://i.namu.wiki/i/Bge3xnYd4kRe_IKbm2uqxlhQJij2SngwNssjpjaOyOqoRhQlNwLrR2ZiK-JWJ2b99RGcSxDaZ2UCI7fiv4IDDQ.webp
353,박성호,https://i.namu.wiki/i/Bge3xnYd4kRe_IKbm2uqxlhQJij2SngwNssjpjaOyOqoRhQlNwLrR2ZiK-JWJ2b99RGcSxDaZ2UCI7fiv4IDDQ.webp
354,김원효,https://i.namu.wiki/i/Bge3xnYd4kRe_IKbm2uqxlhQJij2SngwNssjpjaOyOqoRhQlNwLrR2ZiK-JWJ2b99RGcSxDaZ2UCI7fiv4IDDQ.webp
355,김재욱,https://i.namu.wiki/i/Bge3xnYd4kRe_IKbm2uqxlhQJij2SngwNssjpjaOyOqoRhQlNwLrR2ZiK-JWJ2b99RGcSxDaZ2UCI7fiv4IDDQ.webp
356,정범균,https://i.namu.wiki/i/Bge3xnYd4kRe_IKbm2uqxlhQJij2SngwNssjpjaOyOqoRhQlNwLrR2ZiK-JWJ2b99RGcSxDaZ2UCI7fiv4IDDQ.webp
357,이종훈,https://i.namu.wiki/i/Bge3xnYd4kRe_IKbm2uqxlhQJij2SngwNssjpjaOyOqoRhQlNwLrR2ZiK-JWJ2b99RGcSxDaZ2UCI7fiv4IDDQ.webp
358,김창완,https://i.namu.wiki/i/Bge3xnYd4kRe_IKbm2uqxlhQJij2SngwNssjpjaOyOqoRhQlNwLrR2ZiK-JWJ2b99RGcSxDaZ2UCI7fiv4IDDQ.webp
359,김경호,https://i.namu.wiki/i/Bge3xnYd4kRe_IKbm2uqxlhQJij2SngwNssjpjaOyOqoRhQlNwLrR2ZiK-JWJ2b99RGcSxDaZ2UCI7fiv4IDDQ.webp
360,강진,https://i.namu.wiki/i/Bge3xnYd4kRe_IKbm2uqxlhQJij2SngwNssjpjaOyOqoRhQlNwLrR2ZiK-JWJ2b99RGcSxDaZ2UCI7fiv4IDDQ.webp
361,김용임,https://i.namu.wiki/i/Bge3xnYd4kRe_IKbm2uqxlhQJij2SngwNssjpjaOyOqoRhQlNwLrR2ZiK-JWJ2b99RGcSxDaZ2UCI7fiv4IDDQ.webp
362,진성,https://i.namu.wiki/i/Bge3xnYd4kRe_IKbm2uqxlhQJij2SngwNssjpjaOyOqoRhQlNwLrR2ZiK-JWJ2b99RGcSxDaZ2UCI7fiv4IDDQ.webp
363,뮤지컬단다락,https://i.namu.wiki/i/Bge3xnYd4kRe_IKbm2uqxlhQJij2SngwNssjpjaOyOqoRhQlNwLrR2ZiK-JWJ2b99RGcSxDaZ2UCI7fiv4IDDQ.webp
364,윤수일밴드,https://i.namu.wiki/i/Bge3xnYd4kRe_IKbm2uqxlhQJij2SngwNssjpjaOyOqoRhQlNwLrR2ZiK-JWJ2b99RGcSxDaZ2UCI7fiv4IDDQ.webp
365,부활,https://i.namu.wiki/i/Bge3xnYd4kRe_IKbm2uqxlhQJij2SngwNssjpjaOyOqoRhQlNwLrR2ZiK-JWJ2b99RGcSxDaZ2UCI7fiv4IDDQ.webp
366,플라워,https://i.namu.wiki/i/Bge3xnYd4kRe_IKbm2uqxlhQJij2SngwNssjpjaOyOqoRhQlNwLrR2ZiK-JWJ2b99RGcSxDaZ2UCI7fiv4IDDQ.webp
367,izi,https://i.namu.wiki/i/Bge3xnYd4kRe_IKbm2uqxlhQJij2SngwNssjpjaOyOqoRhQlNwLrR2ZiK-JWJ2b99RGcSxDaZ2UCI7fiv4IDDQ.webp
368,이정봉,https://i.namu.wiki/i/Bge3xnYd4kRe_IKbm2uqxlhQJij2SngwNssjpjaOyOqoRhQlNwLrR2ZiK-JWJ2b99RGcSxDaZ2UCI7fiv4IDDQ.webp
369,Bigdaddy,https://i.namu.wiki/i/Bge3xnYd4kRe_IKbm2uqxlhQJij2SngwNssjpjaOyOqoRhQlNwLrR2ZiK-JWJ2b99RGcSxDaZ2UCI7fiv4IDDQ.webp
370,원팩트,https://i.namu.wiki/i/Bge3xnYd4kRe_IKbm2uqxlhQJij2SngwNssjpjaOyOqoRhQlNwLrR2ZiK-JWJ2b99RGcSxDaZ2UCI7fiv4IDDQ.webp
371,Pile,https://i.namu.wiki/i/Bge3xnYd4kRe_IKbm2uqxlhQJij2SngwNssjpjaOyOqoRhQlNwLrR2ZiK-JWJ2b99RGcSxDaZ2UCI7fiv4IDDQ.webp
372,닛타에미,https://i.namu.wiki/i/Bge3xnYd4kRe_IKbm2uqxlhQJij2SngwNssjpjaOyOqoRhQlNwLrR2ZiK-JWJ2b99RGcSxDaZ2UCI7fiv4IDDQ.webp
373,라쿠나,https://i.namu.wiki/i/Bge3xnYd4kRe_IKbm2uqxlhQJij2SngwNssjpjaOyOqoRhQlNwLrR2ZiK-JWJ2b99RGcSxDaZ2UCI7fiv4IDDQ.webp
374,심수봉,https://i.namu.wiki/i/Bge3xnYd4kRe_IKbm2uqxlhQJij2SngwNssjpjaOyOqoRhQlNwLrR2ZiK-JWJ2b99RGcSxDaZ2UCI7fiv4IDDQ.webp
375,너드커넥션,https://i.namu.wiki/i/Bge3xnYd4kRe_IKbm2uqxlhQJij2SngwNssjpjaOyOqoRhQlNwLrR2ZiK-JWJ2b99RGcSxDaZ2UCI7fiv4IDDQ.webp
376,설호승(보컬&기타),https://i.namu.wiki/i/Bge3xnYd4kRe_IKbm2uqxlhQJij2SngwNssjpjaOyOqoRhQlNwLrR2ZiK-JWJ2b99RGcSxDaZ2UCI7fiv4IDDQ.webp
377,이한빈(베이스),https://i.namu.wiki/i/Bge3xnYd4kRe_IKbm2uqxlhQJij2SngwNssjpjaOyOqoRhQlNwLrR2ZiK-JWJ2b99RGcSxDaZ2UCI7fiv4IDDQ.webp
378,오명석(드럼),https://i.namu.wiki/i/Bge3xnYd4kRe_IKbm2uqxlhQJij2SngwNssjpjaOyOqoRhQlNwLrR2ZiK-JWJ2b99RGcSxDaZ2UCI7fiv4IDDQ.webp
379,김도연(기타),https://i.namu.wiki/i/Bge3xnYd4kRe_IKbm2uqxlhQJij2SngwNssjpjaOyOqoRhQlNwLrR2ZiK-JWJ2b99RGcSxDaZ2UCI7fiv4IDDQ.webp
380,김창완밴드,https://i.namu.wiki/i/Bge3xnYd4kRe_IKbm2uqxlhQJij2SngwNssjpjaOyOqoRhQlNwLrR2ZiK-JWJ2b99RGcSxDaZ2UCI7fiv4IDDQ.webp
381,마술사이경재,https://i.namu.wiki/i/Bge3xnYd4kRe_IKbm2uqxlhQJij2SngwNssjpjaOyOqoRhQlNwLrR2ZiK-JWJ2b99RGcSxDaZ2UCI7fiv4IDDQ.webp
382,김정민,https://i.namu.wiki/i/Bge3xnYd4kRe_IKbm2uqxlhQJij2SngwNssjpjaOyOqoRhQlNwLrR2ZiK-JWJ2b99RGcSxDaZ2UCI7fiv4IDDQ.webp
383,커트로젠윈클,https://i.namu.wiki/i/Bge3xnYd4kRe_IKbm2uqxlhQJij2SngwNssjpjaOyOqoRhQlNwLrR2ZiK-JWJ2b99RGcSxDaZ2UCI7fiv4IDDQ.webp
384,김성규,https://i.namu.wiki/i/Bge3xnYd4kRe_IKbm2uqxlhQJij2SngwNssjpjaOyOqoRhQlNwLrR2ZiK-JWJ2b99RGcSxDaZ2UCI7fiv4IDDQ.webp
385,이영현,https://i.namu.wiki/i/Bge3xnYd4kRe_IKbm2uqxlhQJij2SngwNssjpjaOyOqoRhQlNwLrR2ZiK-JWJ2b99RGcSxDaZ2UCI7fiv4IDDQ.webp
386,박민혜,https://i.namu.wiki/i/Bge3xnYd4kRe_IKbm2uqxlhQJij2SngwNssjpjaOyOqoRhQlNwLrR2ZiK-JWJ2b99RGcSxDaZ2UCI7fiv4IDDQ.webp
387,여동생,https://i.namu.wiki/i/Bge3xnYd4kRe_IKbm2uqxlhQJij2SngwNssjpjaOyOqoRhQlNwLrR2ZiK-JWJ2b99RGcSxDaZ2UCI7fiv4IDDQ.webp
388,양지원,https://i.namu.wiki/i/Bge3xnYd4kRe_IKbm2uqxlhQJij2SngwNssjpjaOyOqoRhQlNwLrR2ZiK-JWJ2b99RGcSxDaZ2UCI7fiv4IDDQ.webp
389,빈예서,https://i.namu.wiki/i/Bge3xnYd4kRe_IKbm2uqxlhQJij2SngwNssjpjaOyOqoRhQlNwLrR2ZiK-JWJ2b99RGcSxDaZ2UCI7fiv4IDDQ.webp
390,최수호,https://i.namu.wiki/i/Bge3xnYd4kRe_IKbm2uqxlhQJij2SngwNssjpjaOyOqoRhQlNwLrR2ZiK-JWJ2b99RGcSxDaZ2UCI7fiv4IDDQ.webp
391,현동헌,https://i.namu.wiki/i/Bge3xnYd4kRe_IKbm2uqxlhQJij2SngwNssjpjaOyOqoRhQlNwLrR2ZiK-JWJ2b99RGcSxDaZ2UCI7fiv4IDDQ.webp
392,Piano카즈미타테이시Contrabass시노부사토Drums마오스즈키,https://i.namu.wiki/i/Bge3xnYd4kRe_IKbm2uqxlhQJij2SngwNssjpjaOyOqoRhQlNwLrR2ZiK-JWJ2b99RGcSxDaZ2UCI7fiv4IDDQ.webp
393,존리,https://i.namu.wiki/i/Bge3xnYd4kRe_IKbm2uqxlhQJij2SngwNssjpjaOyOqoRhQlNwLrR2ZiK-JWJ2b99RGcSxDaZ2UCI7fiv4IDDQ.webp
394,카즈미타테이시트리오,https://i.namu.wiki/i/Bge3xnYd4kRe_IKbm2uqxlhQJij2SngwNssjpjaOyOqoRhQlNwLrR2ZiK-JWJ2b99RGcSxDaZ2UCI7fiv4IDDQ.webp
395,요시다케이코,https://i.namu.wiki/i/Bge3xnYd4kRe_IKbm2uqxlhQJij2SngwNssjpjaOyOqoRhQlNwLrR2ZiK-JWJ2b99RGcSxDaZ2UCI7fiv4IDDQ.webp
396,젠틀레인,https://i.namu.wiki/i/Bge3xnYd4kRe_IKbm2uqxlhQJij2SngwNssjpjaOyOqoRhQlNwLrR2ZiK-JWJ2b99RGcSxDaZ2UCI7fiv4IDDQ.webp
397,정동하,https://i.namu.wiki/i/Bge3xnYd4kRe_IKbm2uqxlhQJij2SngwNssjpjaOyOqoRhQlNwLrR2ZiK-JWJ2b99RGcSxDaZ2UCI7fiv4IDDQ.webp
398,알리,https://i.namu.wiki/i/Bge3xnYd4kRe_IKbm2uqxlhQJij2SngwNssjpjaOyOqoRhQlNwLrR2ZiK-JWJ2b99RGcSxDaZ2UCI7fiv4IDDQ.webp
399,남진,https://i.namu.wiki/i/Bge3xnYd4kRe_IKbm2uqxlhQJij2SngwNssjpjaOyOqoRhQlNwLrR2ZiK-JWJ2b99RGcSxDaZ2UCI7fiv4IDDQ.webp
400,프레드허쉬,https://i.namu.wiki/i/Bge3xnYd4kRe_IKbm2uqxlhQJij2SngwNssjpjaOyOqoRhQlNwLrR2ZiK-JWJ2b99RGcSxDaZ2UCI7fiv4IDDQ.webp
401,임진모,https://i.namu.wiki/i/Bge3xnYd4kRe_IKbm2uqxlhQJij2SngwNssjpjaOyOqoRhQlNwLrR2ZiK-JWJ2b99RGcSxDaZ2UCI7fiv4IDDQ.webp
402,정태춘,https://i.namu.wiki/i/Bge3xnYd4kRe_IKbm2uqxlhQJij2SngwNssjpjaOyOqoRhQlNwLrR2ZiK-JWJ2b99RGcSxDaZ2UCI7fiv4IDDQ.webp
403,박은옥,https://i.namu.wiki/i/Bge3xnYd4kRe_IKbm2uqxlhQJij2SngwNssjpjaOyOqoRhQlNwLrR2ZiK-JWJ2b99RGcSxDaZ2UCI7fiv4IDDQ.webp
404,궤도,https://i.namu.wiki/i/Bge3xnYd4kRe_IKbm2uqxlhQJij2SngwNssjpjaOyOqoRhQlNwLrR2ZiK-JWJ2b99RGcSxDaZ2UCI7fiv4IDDQ.webp
405,배너(VANNER),https://i.namu.wiki/i/Bge3xnYd4kRe_IKbm2uqxlhQJij2SngwNssjpjaOyOqoRhQlNwLrR2ZiK-JWJ2b99RGcSxDaZ2UCI7fiv4IDDQ.webp
406,더보이즈(THEBOYZ),https://i.namu.wiki/i/Bge3xnYd4kRe_IKbm2uqxlhQJij2SngwNssjpjaOyOqoRhQlNwLrR2ZiK-JWJ2b99RGcSxDaZ2UCI7fiv4IDDQ.webp
407,이찬원,https://i.namu.wiki/i/Bge3xnYd4kRe_IKbm2uqxlhQJij2SngwNssjpjaOyOqoRhQlNwLrR2ZiK-JWJ2b99RGcSxDaZ2UCI7fiv4IDDQ.webp
408,바다(BADA),https://i.namu.wiki/i/Bge3xnYd4kRe_IKbm2uqxlhQJij2SngwNssjpjaOyOqoRhQlNwLrR2ZiK-JWJ2b99RGcSxDaZ2UCI7fiv4IDDQ.webp
409,WOOAH,https://i.namu.wiki/i/Bge3xnYd4kRe_IKbm2uqxlhQJij2SngwNssjpjaOyOqoRhQlNwLrR2ZiK-JWJ2b99RGcSxDaZ2UCI7fiv4IDDQ.webp
410,스웨이드(Suede),https://i.namu.wiki/i/Bge3xnYd4kRe_IKbm2uqxlhQJij2SngwNssjpjaOyOqoRhQlNwLrR2ZiK-JWJ2b99RGcSxDaZ2UCI7fiv4IDDQ.webp
411,사이토슈카,https://i.namu.wiki/i/Bge3xnYd4kRe_IKbm2uqxlhQJij2SngwNssjpjaOyOqoRhQlNwLrR2ZiK-JWJ2b99RGcSxDaZ2UCI7fiv4IDDQ.webp
412,남도형,https://i.namu.wiki/i/Bge3xnYd4kRe_IKbm2uqxlhQJij2SngwNssjpjaOyOqoRhQlNwLrR2ZiK-JWJ2b99RGcSxDaZ2UCI7fiv4IDDQ.webp
413,DJ이하늘X배드키즈,https://i.namu.wiki/i/Bge3xnYd4kRe_IKbm2uqxlhQJij2SngwNssjpjaOyOqoRhQlNwLrR2ZiK-JWJ2b99RGcSxDaZ2UCI7fiv4IDDQ.webp
414,강산에,https://i.namu.wiki/i/Bge3xnYd4kRe_IKbm2uqxlhQJij2SngwNssjpjaOyOqoRhQlNwLrR2ZiK-JWJ2b99RGcSxDaZ2UCI7fiv4IDDQ.webp
415,김경호밴드,https://i.namu.wiki/i/Bge3xnYd4kRe_IKbm2uqxlhQJij2SngwNssjpjaOyOqoRhQlNwLrR2ZiK-JWJ2b99RGcSxDaZ2UCI7fiv4IDDQ.webp
416,김목경밴드,https://i.namu.wiki/i/Bge3xnYd4kRe_IKbm2uqxlhQJij2SngwNssjpjaOyOqoRhQlNwLrR2ZiK-JWJ2b99RGcSxDaZ2UCI7fiv4IDDQ.webp
417,UV,https://i.namu.wiki/i/Bge3xnYd4kRe_IKbm2uqxlhQJij2SngwNssjpjaOyOqoRhQlNwLrR2ZiK-JWJ2b99RGcSxDaZ2UCI7fiv4IDDQ.webp
418,YB,https://i.namu.wiki/i/Bge3xnYd4kRe_IKbm2uqxlhQJij2SngwNssjpjaOyOqoRhQlNwLrR2ZiK-JWJ2b99RGcSxDaZ2UCI7fiv4IDDQ.webp
419,XANDRIA,https://i.namu.wiki/i/Bge3xnYd4kRe_IKbm2uqxlhQJij2SngwNssjpjaOyOqoRhQlNwLrR2ZiK-JWJ2b99RGcSxDaZ2UCI7fiv4IDDQ.webp
420,LOVEBITES,https://i.namu.wiki/i/Bge3xnYd4kRe_IKbm2uqxlhQJij2SngwNssjpjaOyOqoRhQlNwLrR2ZiK-JWJ2b99RGcSxDaZ2UCI7fiv4IDDQ.webp
421,장기하,https://i.namu.wiki/i/Bge3xnYd4kRe_IKbm2uqxlhQJij2SngwNssjpjaOyOqoRhQlNwLrR2ZiK-JWJ2b99RGcSxDaZ2UCI7fiv4IDDQ.webp
422,로맨틱펀치,https://i.namu.wiki/i/Bge3xnYd4kRe_IKbm2uqxlhQJij2SngwNssjpjaOyOqoRhQlNwLrR2ZiK-JWJ2b99RGcSxDaZ2UCI7fiv4IDDQ.webp
423,카더가든,https://i.namu.wiki/i/Bge3xnYd4kRe_IKbm2uqxlhQJij2SngwNssjpjaOyOqoRhQlNwLrR2ZiK-JWJ2b99RGcSxDaZ2UCI7fiv4IDDQ.webp
424,린,https://i.namu.wiki/i/Bge3xnYd4kRe_IKbm2uqxlhQJij2SngwNssjpjaOyOqoRhQlNwLrR2ZiK-JWJ2b99RGcSxDaZ2UCI7fiv4IDDQ.webp
425,나씽벗띠브스(NothingButThieves),https://i.namu.wiki/i/Bge3xnYd4kRe_IKbm2uqxlhQJij2SngwNssjpjaOyOqoRhQlNwLrR2ZiK-JWJ2b99RGcSxDaZ2UCI7fiv4IDDQ.webp
426,대니초,https://i.namu.wiki/i/Bge3xnYd4kRe_IKbm2uqxlhQJij2SngwNssjpjaOyOqoRhQlNwLrR2ZiK-JWJ2b99RGcSxDaZ2UCI7fiv4IDDQ.webp
427,A.MBand,https://i.namu.wiki/i/Bge3xnYd4kRe_IKbm2uqxlhQJij2SngwNssjpjaOyOqoRhQlNwLrR2ZiK-JWJ2b99RGcSxDaZ2UCI7fiv4IDDQ.webp
428,치즈,https://i.namu.wiki/i/Bge3xnYd4kRe_IKbm2uqxlhQJij2SngwNssjpjaOyOqoRhQlNwLrR2ZiK-JWJ2b99RGcSxDaZ2UCI7fiv4IDDQ.webp
429,오스틴킴,https://i.namu.wiki/i/Bge3xnYd4kRe_IKbm2uqxlhQJij2SngwNssjpjaOyOqoRhQlNwLrR2ZiK-JWJ2b99RGcSxDaZ2UCI7fiv4IDDQ.webp
430,김성현,https://i.namu.wiki/i/Bge3xnYd4kRe_IKbm2uqxlhQJij2SngwNssjpjaOyOqoRhQlNwLrR2ZiK-JWJ2b99RGcSxDaZ2UCI7fiv4IDDQ.webp
431,서영택,https://i.namu.wiki/i/Bge3xnYd4kRe_IKbm2uqxlhQJij2SngwNssjpjaOyOqoRhQlNwLrR2ZiK-JWJ2b99RGcSxDaZ2UCI7fiv4IDDQ.webp
432,김수인,https://i.namu.wiki/i/Bge3xnYd4kRe_IKbm2uqxlhQJij2SngwNssjpjaOyOqoRhQlNwLrR2ZiK-JWJ2b99RGcSxDaZ2UCI7fiv4IDDQ.webp
433,이승민,https://i.namu.wiki/i/Bge3xnYd4kRe_IKbm2uqxlhQJij2SngwNssjpjaOyOqoRhQlNwLrR2ZiK-JWJ2b99RGcSxDaZ2UCI7fiv4IDDQ.webp
434,Men'sTear,https://i.namu.wiki/i/Bge3xnYd4kRe_IKbm2uqxlhQJij2SngwNssjpjaOyOqoRhQlNwLrR2ZiK-JWJ2b99RGcSxDaZ2UCI7fiv4IDDQ.webp
435,TURNSTILE,https://i.namu.wiki/i/Bge3xnYd4kRe_IKbm2uqxlhQJij2SngwNssjpjaOyOqoRhQlNwLrR2ZiK-JWJ2b99RGcSxDaZ2UCI7fiv4IDDQ.webp
436,KIMGORDON,https://i.namu.wiki/i/Bge3xnYd4kRe_IKbm2uqxlhQJij2SngwNssjpjaOyOqoRhQlNwLrR2ZiK-JWJ2b99RGcSxDaZ2UCI7fiv4IDDQ.webp
437,새소년,https://i.namu.wiki/i/Bge3xnYd4kRe_IKbm2uqxlhQJij2SngwNssjpjaOyOqoRhQlNwLrR2ZiK-JWJ2b99RGcSxDaZ2UCI7fiv4IDDQ.webp
438,GUMX,https://i.namu.wiki/i/Bge3xnYd4kRe_IKbm2uqxlhQJij2SngwNssjpjaOyOqoRhQlNwLrR2ZiK-JWJ2b99RGcSxDaZ2UCI7fiv4IDDQ.webp
439,JACKWHITE,https://i.namu.wiki/i/Bge3xnYd4kRe_IKbm2uqxlhQJij2SngwNssjpjaOyOqoRhQlNwLrR2ZiK-JWJ2b99RGcSxDaZ2UCI7fiv4IDDQ.webp
440,GIRLINRED,https://i.namu.wiki/i/Bge3xnYd4kRe_IKbm2uqxlhQJij2SngwNssjpjaOyOqoRhQlNwLrR2ZiK-JWJ2b99RGcSxDaZ2UCI7fiv4IDDQ.webp
441,RIDE,https://i.namu.wiki/i/Bge3xnYd4kRe_IKbm2uqxlhQJij2SngwNssjpjaOyOqoRhQlNwLrR2ZiK-JWJ2b99RGcSxDaZ2UCI7fiv4IDDQ.webp
442,실리카겔,https://i.namu.wiki/i/Bge3xnYd4kRe_IKbm2uqxlhQJij2SngwNssjpjaOyOqoRhQlNwLrR2ZiK-JWJ2b99RGcSxDaZ2UCI7fiv4IDDQ.webp
443,잔나비,https://i.namu.wiki/i/Bge3xnYd4kRe_IKbm2uqxlhQJij2SngwNssjpjaOyOqoRhQlNwLrR2ZiK-JWJ2b99RGcSxDaZ2UCI7fiv4IDDQ.webp
444,글렌체크,https://i.namu.wiki/i/Bge3xnYd4kRe_IKbm2uqxlhQJij2SngwNssjpjaOyOqoRhQlNwLrR2ZiK-JWJ2b99RGcSxDaZ2UCI7fiv4IDDQ.webp
445,놀이도감,https://i.namu.wiki/i/Bge3xnYd4kRe_IKbm2uqxlhQJij2SngwNssjpjaOyOqoRhQlNwLrR2ZiK-JWJ2b99RGcSxDaZ2UCI7fiv4IDDQ.webp
446,THEPOLES,https://i.namu.wiki/i/Bge3xnYd4kRe_IKbm2uqxlhQJij2SngwNssjpjaOyOqoRhQlNwLrR2ZiK-JWJ2b99RGcSxDaZ2UCI7fiv4IDDQ.webp
447,유키스,https://i.namu.wiki/i/Bge3xnYd4kRe_IKbm2uqxlhQJij2SngwNssjpjaOyOqoRhQlNwLrR2ZiK-JWJ2b99RGcSxDaZ2UCI7fiv4IDDQ.webp
448,나훈아,https://i.namu.wiki/i/Bge3xnYd4kRe_IKbm2uqxlhQJij2SngwNssjpjaOyOqoRhQlNwLrR2ZiK-JWJ2b99RGcSxDaZ2UCI7fiv4IDDQ.webp
449,HANATAN,https://i.namu.wiki/i/Bge3xnYd4kRe_IKbm2uqxlhQJij2SngwNssjpjaOyOqoRhQlNwLrR2ZiK-JWJ2b99RGcSxDaZ2UCI7fiv4IDDQ.webp
450,GLUTAMINE,https://i.namu.wiki/i/Bge3xnYd4kRe_IKbm2uqxlhQJij2SngwNssjpjaOyOqoRhQlNwLrR2ZiK-JWJ2b99RGcSxDaZ2UCI7fiv4IDDQ.webp
451,D.Watt,https://i.namu.wiki/i/Bge3xnYd4kRe_IKbm2uqxlhQJij2SngwNssjpjaOyOqoRhQlNwLrR2ZiK-JWJ2b99RGcSxDaZ2UCI7fiv4IDDQ.webp
452,Maron,https://i.namu.wiki/i/Bge3xnYd4kRe_IKbm2uqxlhQJij2SngwNssjpjaOyOqoRhQlNwLrR2ZiK-JWJ2b99RGcSxDaZ2UCI7fiv4IDDQ.webp
453,nayuta,https://i.namu.wiki/i/Bge3xnYd4kRe_IKbm2uqxlhQJij2SngwNssjpjaOyOqoRhQlNwLrR2ZiK-JWJ2b99RGcSxDaZ2UCI7fiv4IDDQ.webp
454,Noristry,https://i.namu.wiki/i/Bge3xnYd4kRe_IKbm2uqxlhQJij2SngwNssjpjaOyOqoRhQlNwLrR2ZiK-JWJ2b99RGcSxDaZ2UCI7fiv4IDDQ.webp
455,김병선,https://i.namu.wiki/i/Bge3xnYd4kRe_IKbm2uqxlhQJij2SngwNssjpjaOyOqoRhQlNwLrR2ZiK-JWJ2b99RGcSxDaZ2UCI7fiv4IDDQ.webp
456,이용주,https://i.namu.wiki/i/Bge3xnYd4kRe_IKbm2uqxlhQJij2SngwNssjpjaOyOqoRhQlNwLrR2ZiK-JWJ2b99RGcSxDaZ2UCI7fiv4IDDQ.webp
457,정재형,https://i.namu.wiki/i/Bge3xnYd4kRe_IKbm2uqxlhQJij2SngwNssjpjaOyOqoRhQlNwLrR2ZiK-JWJ2b99RGcSxDaZ2UCI7fiv4IDDQ.webp
458,김민수,https://i.namu.wiki/i/Bge3xnYd4kRe_IKbm2uqxlhQJij2SngwNssjpjaOyOqoRhQlNwLrR2ZiK-JWJ2b99RGcSxDaZ2UCI7fiv4IDDQ.webp
459,상세페이지참고,https://i.namu.wiki/i/Bge3xnYd4kRe_IKbm2uqxlhQJij2SngwNssjpjaOyOqoRhQlNwLrR2ZiK-JWJ2b99RGcSxDaZ2UCI7fiv4IDDQ.webp
460,유호진,https://i.namu.wiki/i/Bge3xnYd4kRe_IKbm2uqxlhQJij2SngwNssjpjaOyOqoRhQlNwLrR2ZiK-JWJ2b99RGcSxDaZ2UCI7fiv4IDDQ.webp
461,프란체스코델라보나,https://i.namu.wiki/i/Bge3xnYd4kRe_IKbm2uqxlhQJij2SngwNssjpjaOyOqoRhQlNwLrR2ZiK-JWJ2b99RGcSxDaZ2UCI7fiv4IDDQ.webp
462,길렘쥴리아,https://i.namu.wiki/i/Bge3xnYd4kRe_IKbm2uqxlhQJij2SngwNssjpjaOyOqoRhQlNwLrR2ZiK-JWJ2b99RGcSxDaZ2UCI7fiv4IDDQ.webp
463,샤오룬,https://i.namu.wiki/i/Bge3xnYd4kRe_IKbm2uqxlhQJij2SngwNssjpjaOyOqoRhQlNwLrR2ZiK-JWJ2b99RGcSxDaZ2UCI7fiv4IDDQ.webp
464,카츠라가와심페이,https://i.namu.wiki/i/Bge3xnYd4kRe_IKbm2uqxlhQJij2SngwNssjpjaOyOqoRhQlNwLrR2ZiK-JWJ2b99RGcSxDaZ2UCI7fiv4IDDQ.webp
465,장해석,https://i.namu.wiki/i/Bge3xnYd4kRe_IKbm2uqxlhQJij2SngwNssjpjaOyOqoRhQlNwLrR2ZiK-JWJ2b99RGcSxDaZ2UCI7fiv4IDDQ.webp
466,최이안,https://i.namu.wiki/i/Bge3xnYd4kRe_IKbm2uqxlhQJij2SngwNssjpjaOyOqoRhQlNwLrR2ZiK-JWJ2b99RGcSxDaZ2UCI7fiv4IDDQ.webp
467,밴드너드커넥션,https://i.namu.wiki/i/Bge3xnYd4kRe_IKbm2uqxlhQJij2SngwNssjpjaOyOqoRhQlNwLrR2ZiK-JWJ2b99RGcSxDaZ2UCI7fiv4IDDQ.webp
468,몽돌,https://i.namu.wiki/i/Bge3xnYd4kRe_IKbm2uqxlhQJij2SngwNssjpjaOyOqoRhQlNwLrR2ZiK-JWJ2b99RGcSxDaZ2UCI7fiv4IDDQ.webp
469,yonige,https://i.namu.wiki/i/Bge3xnYd4kRe_IKbm2uqxlhQJij2SngwNssjpjaOyOqoRhQlNwLrR2ZiK-JWJ2b99RGcSxDaZ2UCI7fiv4IDDQ.webp
470,TULA,https://i.namu.wiki/i/Bge3xnYd4kRe_IKbm2uqxlhQJij2SngwNssjpjaOyOqoRhQlNwLrR2ZiK-JWJ2b99RGcSxDaZ2UCI7fiv4IDDQ.webp
471,정여진,https://i.namu.wiki/i/Bge3xnYd4kRe_IKbm2uqxlhQJij2SngwNssjpjaOyOqoRhQlNwLrR2ZiK-JWJ2b99RGcSxDaZ2UCI7fiv4IDDQ.webp
472,나오미,https://i.namu.wiki/i/Bge3xnYd4kRe_IKbm2uqxlhQJij2SngwNssjpjaOyOqoRhQlNwLrR2ZiK-JWJ2b99RGcSxDaZ2UCI7fiv4IDDQ.webp
473,T-SESSION,https://i.namu.wiki/i/Bge3xnYd4kRe_IKbm2uqxlhQJij2SngwNssjpjaOyOqoRhQlNwLrR2ZiK-JWJ2b99RGcSxDaZ2UCI7fiv4IDDQ.webp
474,OhashiAyaka,https://i.namu.wiki/i/Bge3xnYd4kRe_IKbm2uqxlhQJij2SngwNssjpjaOyOqoRhQlNwLrR2ZiK-JWJ2b99RGcSxDaZ2UCI7fiv4IDDQ.webp
475,KARDI,https://i.namu.wiki/i/Bge3xnYd4kRe_IKbm2uqxlhQJij2SngwNssjpjaOyOqoRhQlNwLrR2ZiK-JWJ2b99RGcSxDaZ2UCI7fiv4IDDQ.webp
476,I.M,https://i.namu.wiki/i/Bge3xnYd4kRe_IKbm2uqxlhQJij2SngwNssjpjaOyOqoRhQlNwLrR2ZiK-JWJ2b99RGcSxDaZ2UCI7fiv4IDDQ.webp
477,다섯,https://i.namu.wiki/i/Bge3xnYd4kRe_IKbm2uqxlhQJij2SngwNssjpjaOyOqoRhQlNwLrR2ZiK-JWJ2b99RGcSxDaZ2UCI7fiv4IDDQ.webp
478,마치(MRCH),https://i.namu.wiki/i/Bge3xnYd4kRe_IKbm2uqxlhQJij2SngwNssjpjaOyOqoRhQlNwLrR2ZiK-JWJ2b99RGcSxDaZ2UCI7fiv4IDDQ.webp
479,씨엔블루,https://i.namu.wiki/i/Bge3xnYd4kRe_IKbm2uqxlhQJij2SngwNssjpjaOyOqoRhQlNwLrR2ZiK-JWJ2b99RGcSxDaZ2UCI7fiv4IDDQ.webp
480,아일,https://i.namu.wiki/i/Bge3xnYd4kRe_IKbm2uqxlhQJij2SngwNssjpjaOyOqoRhQlNwLrR2ZiK-JWJ2b99RGcSxDaZ2UCI7fiv4IDDQ.webp
481,오월오일,https://i.namu.wiki/i/Bge3xnYd4kRe_IKbm2uqxlhQJij2SngwNssjpjaOyOqoRhQlNwLrR2ZiK-JWJ2b99RGcSxDaZ2UCI7fiv4IDDQ.webp
482,원위(ONEWE),https://i.namu.wiki/i/Bge3xnYd4kRe_IKbm2uqxlhQJij2SngwNssjpjaOyOqoRhQlNwLrR2ZiK-JWJ2b99RGcSxDaZ2UCI7fiv4IDDQ.webp
483,죠지,https://i.namu.wiki/i/Bge3xnYd4kRe_IKbm2uqxlhQJij2SngwNssjpjaOyOqoRhQlNwLrR2ZiK-JWJ2b99RGcSxDaZ2UCI7fiv4IDDQ.webp
484,크리스피,https://i.namu.wiki/i/Bge3xnYd4kRe_IKbm2uqxlhQJij2SngwNssjpjaOyOqoRhQlNwLrR2ZiK-JWJ2b99RGcSxDaZ2UCI7fiv4IDDQ.webp
485,키드밀리,https://i.namu.wiki/i/Bge3xnYd4kRe_IKbm2uqxlhQJij2SngwNssjpjaOyOqoRhQlNwLrR2ZiK-JWJ2b99RGcSxDaZ2UCI7fiv4IDDQ.webp
486,태버,https://i.namu.wiki/i/Bge3xnYd4kRe_IKbm2uqxlhQJij2SngwNssjpjaOyOqoRhQlNwLrR2ZiK-JWJ2b99RGcSxDaZ2UCI7fiv4IDDQ.webp
487,한요한,https://i.namu.wiki/i/Bge3xnYd4kRe_IKbm2uqxlhQJij2SngwNssjpjaOyOqoRhQlNwLrR2ZiK-JWJ2b99RGcSxDaZ2UCI7fiv4IDDQ.webp
488,FT아일랜드,https://i.namu.wiki/i/Bge3xnYd4kRe_IKbm2uqxlhQJij2SngwNssjpjaOyOqoRhQlNwLrR2ZiK-JWJ2b99RGcSxDaZ2UCI7fiv4IDDQ.webp
489,Hi-FiUn!corn,https://i.namu.wiki/i/Bge3xnYd4kRe_IKbm2uqxlhQJij2SngwNssjpjaOyOqoRhQlNwLrR2ZiK-JWJ2b99RGcSxDaZ2UCI7fiv4IDDQ.webp
490,로이킴,https://i.namu.wiki/i/Bge3xnYd4kRe_IKbm2uqxlhQJij2SngwNssjpjaOyOqoRhQlNwLrR2ZiK-JWJ2b99RGcSxDaZ2UCI7fiv4IDDQ.webp
491,소수빈,https://i.namu.wiki/i/Bge3xnYd4kRe_IKbm2uqxlhQJij2SngwNssjpjaOyOqoRhQlNwLrR2ZiK-JWJ2b99RGcSxDaZ2UCI7fiv4IDDQ.webp
492,신지훈,https://i.namu.wiki/i/Bge3xnYd4kRe_IKbm2uqxlhQJij2SngwNssjpjaOyOqoRhQlNwLrR2ZiK-JWJ2b99RGcSxDaZ2UCI7fiv4IDDQ.webp
493,엔플라잉,https://i.namu.wiki/i/Bge3xnYd4kRe_IKbm2uqxlhQJij2SngwNssjpjaOyOqoRhQlNwLrR2ZiK-JWJ2b99RGcSxDaZ2UCI7fiv4IDDQ.webp
494,정준일,https://i.namu.wiki/i/Bge3xnYd4kRe_IKbm2uqxlhQJij2SngwNssjpjaOyOqoRhQlNwLrR2ZiK-JWJ2b99RGcSxDaZ2UCI7fiv4IDDQ.webp
495,채무자들,https://i.namu.wiki/i/Bge3xnYd4kRe_IKbm2uqxlhQJij2SngwNssjpjaOyOqoRhQlNwLrR2ZiK-JWJ2b99RGcSxDaZ2UCI7fiv4IDDQ.webp
496,최유리,https://i.namu.wiki/i/Bge3xnYd4kRe_IKbm2uqxlhQJij2SngwNssjpjaOyOqoRhQlNwLrR2ZiK-JWJ2b99RGcSxDaZ2UCI7fiv4IDDQ.webp
497,김태우(god),https://i.namu.wiki/i/Bge3xnYd4kRe_IKbm2uqxlhQJij2SngwNssjpjaOyOqoRhQlNwLrR2ZiK-JWJ2b99RGcSxDaZ2UCI7fiv4IDDQ.webp
498,ATEEZ,https://i.namu.wiki/i/Bge3xnYd4kRe_IKbm2uqxlhQJij2SngwNssjpjaOyOqoRhQlNwLrR2ZiK-JWJ2b99RGcSxDaZ2UCI7fiv4IDDQ.webp
499,RollingQuartz,https://i.namu.wiki/i/Bge3xnYd4kRe_IKbm2uqxlhQJij2SngwNssjpjaOyOqoRhQlNwLrR2ZiK-JWJ2b99RGcSxDaZ2UCI7fiv4IDDQ.webp
500,오은영,https://i.namu.wiki/i/Bge3xnYd4kRe_IKbm2uqxlhQJij2SngwNssjpjaOyOqoRhQlNwLrR2ZiK-JWJ2b99RGcSxDaZ2UCI7fiv4IDDQ.webp
501,알프(aLf),https://i.namu.wiki/i/Bge3xnYd4kRe_IKbm2uqxlhQJij2SngwNssjpjaOyOqoRhQlNwLrR2ZiK-JWJ2b99RGcSxDaZ2UCI7fiv4IDDQ.webp
502,임동현,https://i.namu.wiki/i/Bge3xnYd4kRe_IKbm2uqxlhQJij2SngwNssjpjaOyOqoRhQlNwLrR2ZiK-JWJ2b99RGcSxDaZ2UCI7fiv4IDDQ.webp
503,박김예영,https://i.namu.wiki/i/Bge3xnYd4kRe_IKbm2uqxlhQJij2SngwNssjpjaOyOqoRhQlNwLrR2ZiK-JWJ2b99RGcSxDaZ2UCI7fiv4IDDQ.webp
504,김승은,https://i.namu.wiki/i/Bge3xnYd4kRe_IKbm2uqxlhQJij2SngwNssjpjaOyOqoRhQlNwLrR2ZiK-JWJ2b99RGcSxDaZ2UCI7fiv4IDDQ.webp
505,임하은,https://i.namu.wiki/i/Bge3xnYd4kRe_IKbm2uqxlhQJij2SngwNssjpjaOyOqoRhQlNwLrR2ZiK-JWJ2b99RGcSxDaZ2UCI7fiv4IDDQ.webp
506,강나영,https://i.namu.wiki/i/Bge3xnYd4kRe_IKbm2uqxlhQJij2SngwNssjpjaOyOqoRhQlNwLrR2ZiK-JWJ2b99RGcSxDaZ2UCI7fiv4IDDQ.webp
507,김가혜,https://i.namu.wiki/i/Bge3xnYd4kRe_IKbm2uqxlhQJij2SngwNssjpjaOyOqoRhQlNwLrR2ZiK-JWJ2b99RGcSxDaZ2UCI7fiv4IDDQ.webp
508,문지원,https://i.namu.wiki/i/Bge3xnYd4kRe_IKbm2uqxlhQJij2SngwNssjpjaOyOqoRhQlNwLrR2ZiK-JWJ2b99RGcSxDaZ2UCI7fiv4IDDQ.webp
509,최정인,https://i.namu.wiki/i/Bge3xnYd4kRe_IKbm2uqxlhQJij2SngwNssjpjaOyOqoRhQlNwLrR2ZiK-JWJ2b99RGcSxDaZ2UCI7fiv4IDDQ.webp
510,백수정,https://i.namu.wiki/i/Bge3xnYd4kRe_IKbm2uqxlhQJij2SngwNssjpjaOyOqoRhQlNwLrR2ZiK-JWJ2b99RGcSxDaZ2UCI7fiv4IDDQ.webp
511,한수정,https://i.namu.wiki/i/Bge3xnYd4kRe_IKbm2uqxlhQJij2SngwNssjpjaOyOqoRhQlNwLrR2ZiK-JWJ2b99RGcSxDaZ2UCI7fiv4IDDQ.webp
512,정도현,https://i.namu.wiki/i/Bge3xnYd4kRe_IKbm2uqxlhQJij2SngwNssjpjaOyOqoRhQlNwLrR2ZiK-JWJ2b99RGcSxDaZ2UCI7fiv4IDDQ.webp
513,백진경,https://i.namu.wiki/i/Bge3xnYd4kRe_IKbm2uqxlhQJij2SngwNssjpjaOyOqoRhQlNwLrR2ZiK-JWJ2b99RGcSxDaZ2UCI7fiv4IDDQ.webp
514,imase,https://i.namu.wiki/i/Bge3xnYd4kRe_IKbm2uqxlhQJij2SngwNssjpjaOyOqoRhQlNwLrR2ZiK-JWJ2b99RGcSxDaZ2UCI7fiv4IDDQ.webp
515,XG(엑스지),https://i.namu.wiki/i/Bge3xnYd4kRe_IKbm2uqxlhQJij2SngwNssjpjaOyOqoRhQlNwLrR2ZiK-JWJ2b99RGcSxDaZ2UCI7fiv4IDDQ.webp
516,주현미,https://i.namu.wiki/i/Bge3xnYd4kRe_IKbm2uqxlhQJij2SngwNssjpjaOyOqoRhQlNwLrR2ZiK-JWJ2b99RGcSxDaZ2UCI7fiv4IDDQ.webp
517,도기문,https://i.namu.wiki/i/Bge3xnYd4kRe_IKbm2uqxlhQJij2SngwNssjpjaOyOqoRhQlNwLrR2ZiK-JWJ2b99RGcSxDaZ2UCI7fiv4IDDQ.webp
518,Piano카즈미타테이시,https://i.namu.wiki/i/Bge3xnYd4kRe_IKbm2uqxlhQJij2SngwNssjpjaOyOqoRhQlNwLrR2ZiK-JWJ2b99RGcSxDaZ2UCI7fiv4IDDQ.webp
519,Contrabass시노부사토,https://i.namu.wiki/i/Bge3xnYd4kRe_IKbm2uqxlhQJij2SngwNssjpjaOyOqoRhQlNwLrR2ZiK-JWJ2b99RGcSxDaZ2UCI7fiv4IDDQ.webp
520,Drums마오스즈키,https://i.namu.wiki/i/Bge3xnYd4kRe_IKbm2uqxlhQJij2SngwNssjpjaOyOqoRhQlNwLrR2ZiK-JWJ2b99RGcSxDaZ2UCI7fiv4IDDQ.webp
521,콘서트가이드김성민,https://i.namu.wiki/i/Bge3xnYd4kRe_IKbm2uqxlhQJij2SngwNssjpjaOyOqoRhQlNwLrR2ZiK-JWJ2b99RGcSxDaZ2UCI7fiv4IDDQ.webp
522,밴드겟츠,https://i.namu.wiki/i/Bge3xnYd4kRe_IKbm2uqxlhQJij2SngwNssjpjaOyOqoRhQlNwLrR2ZiK-JWJ2b99RGcSxDaZ2UCI7fiv4IDDQ.webp
523,Thepianist(임미정,https://i.namu.wiki/i/Bge3xnYd4kRe_IKbm2uqxlhQJij2SngwNssjpjaOyOqoRhQlNwLrR2ZiK-JWJ2b99RGcSxDaZ2UCI7fiv4IDDQ.webp
524,고희안,https://i.namu.wiki/i/Bge3xnYd4kRe_IKbm2uqxlhQJij2SngwNssjpjaOyOqoRhQlNwLrR2ZiK-JWJ2b99RGcSxDaZ2UCI7fiv4IDDQ.webp
525,이지영,https://i.namu.wiki/i/Bge3xnYd4kRe_IKbm2uqxlhQJij2SngwNssjpjaOyOqoRhQlNwLrR2ZiK-JWJ2b99RGcSxDaZ2UCI7fiv4IDDQ.webp
526,전용준),https://i.namu.wiki/i/Bge3xnYd4kRe_IKbm2uqxlhQJij2SngwNssjpjaOyOqoRhQlNwLrR2ZiK-JWJ2b99RGcSxDaZ2UCI7fiv4IDDQ.webp
527,우키,https://i.namu.wiki/i/Bge3xnYd4kRe_IKbm2uqxlhQJij2SngwNssjpjaOyOqoRhQlNwLrR2ZiK-JWJ2b99RGcSxDaZ2UCI7fiv4IDDQ.webp
528,박도원,https://i.namu.wiki/i/Bge3xnYd4kRe_IKbm2uqxlhQJij2SngwNssjpjaOyOqoRhQlNwLrR2ZiK-JWJ2b99RGcSxDaZ2UCI7fiv4IDDQ.webp
529,이명준,https://i.namu.wiki/i/Bge3xnYd4kRe_IKbm2uqxlhQJij2SngwNssjpjaOyOqoRhQlNwLrR2ZiK-JWJ2b99RGcSxDaZ2UCI7fiv4IDDQ.webp
530,옥주현,https://i.namu.wiki/i/Bge3xnYd4kRe_IKbm2uqxlhQJij2SngwNssjpjaOyOqoRhQlNwLrR2ZiK-JWJ2b99RGcSxDaZ2UCI7fiv4IDDQ.webp
531,조정은,https://i.namu.wiki/i/Bge3xnYd4kRe_IKbm2uqxlhQJij2SngwNssjpjaOyOqoRhQlNwLrR2ZiK-JWJ2b99RGcSxDaZ2UCI7fiv4IDDQ.webp
532,김주택,https://i.namu.wiki/i/Bge3xnYd4kRe_IKbm2uqxlhQJij2SngwNssjpjaOyOqoRhQlNwLrR2ZiK-JWJ2b99RGcSxDaZ2UCI7fiv4IDDQ.webp
533,Kasabian,https://i.namu.wiki/i/Bge3xnYd4kRe_IKbm2uqxlhQJij2SngwNssjpjaOyOqoRhQlNwLrR2ZiK-JWJ2b99RGcSxDaZ2UCI7fiv4IDDQ.webp
534,Anne-Marie,https://i.namu.wiki/i/Bge3xnYd4kRe_IKbm2uqxlhQJij2SngwNssjpjaOyOqoRhQlNwLrR2ZiK-JWJ2b99RGcSxDaZ2UCI7fiv4IDDQ.webp
535,국카스텐,https://i.namu.wiki/i/Bge3xnYd4kRe_IKbm2uqxlhQJij2SngwNssjpjaOyOqoRhQlNwLrR2ZiK-JWJ2b99RGcSxDaZ2UCI7fiv4IDDQ.webp
536,Frederic,https://i.namu.wiki/i/Bge3xnYd4kRe_IKbm2uqxlhQJij2SngwNssjpjaOyOqoRhQlNwLrR2ZiK-JWJ2b99RGcSxDaZ2UCI7fiv4IDDQ.webp
537,GUYZ,https://i.namu.wiki/i/Bge3xnYd4kRe_IKbm2uqxlhQJij2SngwNssjpjaOyOqoRhQlNwLrR2ZiK-JWJ2b99RGcSxDaZ2UCI7fiv4IDDQ.webp
538,더크로스,https://i.namu.wiki/i/Bge3xnYd4kRe_IKbm2uqxlhQJij2SngwNssjpjaOyOqoRhQlNwLrR2ZiK-JWJ2b99RGcSxDaZ2UCI7fiv4IDDQ.webp
539,헤이즈,https://i.namu.wiki/i/Bge3xnYd4kRe_IKbm2uqxlhQJij2SngwNssjpjaOyOqoRhQlNwLrR2ZiK-JWJ2b99RGcSxDaZ2UCI7fiv4IDDQ.webp
540,로꼬,https://i.namu.wiki/i/Bge3xnYd4kRe_IKbm2uqxlhQJij2SngwNssjpjaOyOqoRhQlNwLrR2ZiK-JWJ2b99RGcSxDaZ2UCI7fiv4IDDQ.webp
541,크라잉넛,https://i.namu.wiki/i/Bge3xnYd4kRe_IKbm2uqxlhQJij2SngwNssjpjaOyOqoRhQlNwLrR2ZiK-JWJ2b99RGcSxDaZ2UCI7fiv4IDDQ.webp
542,스킵잭,https://i.namu.wiki/i/Bge3xnYd4kRe_IKbm2uqxlhQJij2SngwNssjpjaOyOqoRhQlNwLrR2ZiK-JWJ2b99RGcSxDaZ2UCI7fiv4IDDQ.webp
543,사운드힐즈,https://i.namu.wiki/i/Bge3xnYd4kRe_IKbm2uqxlhQJij2SngwNssjpjaOyOqoRhQlNwLrR2ZiK-JWJ2b99RGcSxDaZ2UCI7fiv4IDDQ.webp
544,삼점일사(3.14),https://i.namu.wiki/i/Bge3xnYd4kRe_IKbm2uqxlhQJij2SngwNssjpjaOyOqoRhQlNwLrR2ZiK-JWJ2b99RGcSxDaZ2UCI7fiv4IDDQ.webp
545,루키6,https://i.namu.wiki/i/Bge3xnYd4kRe_IKbm2uqxlhQJij2SngwNssjpjaOyOqoRhQlNwLrR2ZiK-JWJ2b99RGcSxDaZ2UCI7fiv4IDDQ.webp
546,NCT127,https://i.namu.wiki/i/Bge3xnYd4kRe_IKbm2uqxlhQJij2SngwNssjpjaOyOqoRhQlNwLrR2ZiK-JWJ2b99RGcSxDaZ2UCI7fiv4IDDQ.webp
547,PasqualeStafano,https://i.namu.wiki/i/Bge3xnYd4kRe_IKbm2uqxlhQJij2SngwNssjpjaOyOqoRhQlNwLrR2ZiK-JWJ2b99RGcSxDaZ2UCI7fiv4IDDQ.webp
548,GianniIorio,https://i.namu.wiki/i/Bge3xnYd4kRe_IKbm2uqxlhQJij2SngwNssjpjaOyOqoRhQlNwLrR2ZiK-JWJ2b99RGcSxDaZ2UCI7fiv4IDDQ.webp
549,육중완밴드,https://i.namu.wiki/i/Bge3xnYd4kRe_IKbm2uqxlhQJij2SngwNssjpjaOyOqoRhQlNwLrR2ZiK-JWJ2b99RGcSxDaZ2UCI7fiv4IDDQ.webp
550,CHOTOKIMEKISENDENBU,https://i.namu.wiki/i/Bge3xnYd4kRe_IKbm2uqxlhQJij2SngwNssjpjaOyOqoRhQlNwLrR2ZiK-JWJ2b99RGcSxDaZ2UCI7fiv4IDDQ.webp
551,eaJ,https://i.namu.wiki/i/Bge3xnYd4kRe_IKbm2uqxlhQJij2SngwNssjpjaOyOqoRhQlNwLrR2ZiK-JWJ2b99RGcSxDaZ2UCI7fiv4IDDQ.webp
552,NEKIRU,https://i.namu.wiki/i/Bge3xnYd4kRe_IKbm2uqxlhQJij2SngwNssjpjaOyOqoRhQlNwLrR2ZiK-JWJ2b99RGcSxDaZ2UCI7fiv4IDDQ.webp
553,NMIXX,https://i.namu.wiki/i/Bge3xnYd4kRe_IKbm2uqxlhQJij2SngwNssjpjaOyOqoRhQlNwLrR2ZiK-JWJ2b99RGcSxDaZ2UCI7fiv4IDDQ.webp
