,이름,URL
0,트레저,https://ticketimage.interpark.com/PlayDictionary/DATA/PlayDic/PlayDicUpload/040004/20/09/0400042009_46726_02258.gif
1,두아 리파,https://ticketimage.interpark.com/PlayDictionary/DATA/PlayDic/PlayDicUpload/040004/18/04/0400041804_42855_02.gif
2,싸이,https://ticketimage.interpark.com/PlayDictionary/DATA/PlayDic/PlayDicUpload/040004/08/01/0400040801_5044_021006.gif
7,이문세,https://ticketimage.interpark.com/PlayDictionary/DATA/PlayDic/PlayDicUpload/040004/07/01/0400040701_1022_01.116.gif
9,SG워너비,https://ticketimage.interpark.com/PlayDictionary/DATA/PlayDic/PlayDicUpload/040004/07/01/0400040701_1023_01.524.jpg
11,이상은,https://ticketimage.interpark.com/PlayDictionary/DATA/PlayDic/PlayDicUpload/040004/07/01/0400040701_1267_01.jpg
12,검엑스,https://ticketimage.interpark.com/PlayDictionary/DATA/PlayDic/PlayDicUpload/040004/08/08/0400040808_10411_02.847.gif
13,아마도이자람밴드,https://ticketimage.interpark.com/PlayDictionary/DATA/PlayDic/PlayDicUpload/040004/09/04/0400040904_13670_02.438.gif
14,브로콜리 너마저,https://ticketimage.interpark.com/PlayDictionary/DATA/PlayDic/PlayDicUpload/040004/09/05/0400040905_14272_021.941.gif
15,구남과여라이딩스텔라,https://ticketimage.interpark.com/PlayDictionary/DATA/PlayDic/PlayDicUpload/040004/09/10/0400040910_17656_02.gif
16,브로큰 발렌타인,https://ticketimage.interpark.com/PlayDictionary/DATA/PlayDic/PlayDicUpload/040004/10/02/0400041002_19769_02221.gif
17,토,https://ticketimage.interpark.com/PlayDictionary/DATA/PlayDic/PlayDicUpload/040004/10/07/0400041007_22588_02.gif
18,추다혜,https://ticketimage.interpark.com/PlayDictionary/DATA/PlayDic/PlayDicUpload/040004/11/08/0400041108_26454_02.544.gif
19,글렌체크,https://ticketimage.interpark.com/PlayDictionary/DATA/PlayDic/PlayDicUpload/040004/11/08/0400041108_26624_02.gif
20,선우정아,https://ticketimage.interpark.com/PlayDictionary/DATA/PlayDic/PlayDicUpload/040004/13/01/0400041301_31107_02805.gif
21,램넌츠오브더폴른,https://openimage.interpark.com/ticket-desktop/pages/product/noImage_back.png
22,라이드,https://ticketimage.interpark.com/PlayDictionary/DATA/PlayDic/PlayDicUpload/040004/15/04/0400041504_36981_02.gif
23,잔나비,https://ticketimage.interpark.com/PlayDictionary/DATA/PlayDic/PlayDicUpload/040004/15/04/0400041504_37110_02007.gif
24,데이식스,https://ticketimage.interpark.com/PlayDictionary/DATA/PlayDic/PlayDicUpload/040004/15/10/0400041510_38219_02238.gif
25,새소년,https://ticketimage.interpark.com/PlayDictionary/DATA/PlayDic/PlayDicUpload/040004/18/02/0400041802_42505_02.158.gif
26,세이수미,https://openimage.interpark.com/ticket-desktop/pages/product/noImage_back.png
27,라쿠나,https://ticketimage.interpark.com/PlayDictionary/DATA/PlayDic/PlayDicUpload/040004/20/04/0400042004_46193_02.118.gif
28,실리카겔,https://ticketimage.interpark.com/PlayDictionary/DATA/PlayDic/PlayDicUpload/040004/21/03/0400042103_47335_02.133.gif
29,이승윤,https://ticketimage.interpark.com/PlayDictionary/DATA/PlayDic/PlayDicUpload/040004/21/05/0400042105_47574_02.120.gif
30,더 픽스,https://ticketimage.interpark.com/PlayDictionary/DATA/PlayDic/PlayDicUpload/040004/21/11/0400042111_48703_02.002.gif
31,카디,https://ticketimage.interpark.com/PlayDictionary/DATA/PlayDic/PlayDicUpload/040004/21/11/0400042111_48707_02.250.gif
32,웨이브투어스,https://ticketimage.interpark.com/PlayDictionary/DATA/PlayDic/PlayDicUpload/040004/22/07/0400042207_49921_02.840.gif
33,터치드,https://ticketimage.interpark.com/PlayDictionary/DATA/PlayDic/PlayDicUpload/040004/22/09/0400042209_50323_02.615.gif
34,리도어,https://openimage.interpark.com/ticket-desktop/pages/product/noImage_back.png
35,한로로,https://ticketimage.interpark.com/PlayDictionary/DATA/PlayDic/PlayDicUpload/040004/23/08/0400042308_52422_02.116.gif
36,노엘 갤러거,https://ticketimage.interpark.com/PlayDictionary/DATA/PlayDic/PlayDicUpload/040004/12/02/0400041202_27961_021.gif
37,넬,https://ticketimage.interpark.com/PlayDictionary/DATA/PlayDic/PlayDicUpload/040004/07/01/0400040701_1037_012531.019.gif
38,김윤아,https://ticketimage.interpark.com/PlayDictionary/DATA/PlayDic/PlayDicUpload/040004/08/02/0400040802_6978_02.216.gif
39,너드커넥션,https://ticketimage.interpark.com/PlayDictionary/DATA/PlayDic/PlayDicUpload/040004/21/06/0400042106_47907_02.511.gif
42,오월오일,https://ticketimage.interpark.com/PlayDictionary/DATA/PlayDic/PlayDicUpload/040004/22/09/0400042209_50321_02.345.gif
44,10cm,https://ticketimage.interpark.com/PlayDictionary/DATA/PlayDic/PlayDicUpload/040004/10/04/0400041004_21390_02650.gif
45,김창옥,https://openimage.interpark.com/ticket-desktop/pages/product/noImage_back.png
47,엑스디너리 히어로즈,https://openimage.interpark.com/ticket-desktop/pages/product/noImage_back.png
48,다섯,https://openimage.interpark.com/ticket-desktop/pages/product/noImage_back.png
49,윤마치,https://ticketimage.interpark.com/PlayDictionary/DATA/PlayDic/PlayDicUpload/040004/24/04/0400042404_53761_02.gif
50,씨엔블루,https://ticketimage.interpark.com/PlayDictionary/DATA/PlayDic/PlayDicUpload/040004/10/05/0400041005_21471_02.541.gif
51,원위,https://ticketimage.interpark.com/PlayDictionary/DATA/PlayDic/PlayDicUpload/040004/21/02/0400042102_47261_02.951.gif
52,장기하,https://ticketimage.interpark.com/PlayDictionary/DATA/PlayDic/PlayDicUpload/040004/11/02/0400041102_24598_02.846.gif
53,죠지,https://ticketimage.interpark.com/PlayDictionary/DATA/PlayDic/PlayDicUpload/040004/18/12/0400041812_44077_02.gif
54,한요한,https://ticketimage.interpark.com/PlayDictionary/DATA/PlayDic/PlayDicUpload/040004/17/06/0400041706_41318_02306.gif
55,아일,https://ticketimage.interpark.com/PlayDictionary/DATA/PlayDic/PlayDicUpload/040004/21/12/0400042112_48861_02.450.gif
57,키드밀리,https://ticketimage.interpark.com/PlayDictionary/DATA/PlayDic/PlayDicUpload/040004/17/11/0400041711_42110_02640.gif
58,FT아일랜드,https://ticketimage.interpark.com/PlayDictionary/DATA/PlayDic/PlayDicUpload/040004/07/01/0400040701_1099_011.529.jpg
59,소수빈,https://ticketimage.interpark.com/PlayDictionary/DATA/PlayDic/PlayDicUpload/040004/18/02/0400041802_42481_02.gif
60,로이킴,https://ticketimage.interpark.com/PlayDictionary/DATA/PlayDic/PlayDicUpload/040004/12/11/0400041211_30471_02100.646.gif
61,엔플라잉,https://ticketimage.interpark.com/PlayDictionary/DATA/PlayDic/PlayDicUpload/040004/15/03/0400041503_36924_02201.gif
62,정준일,https://ticketimage.interpark.com/PlayDictionary/DATA/PlayDic/PlayDicUpload/040004/11/08/0400041108_26629_02634.gif
63,최유리,https://ticketimage.interpark.com/PlayDictionary/DATA/PlayDic/PlayDicUpload/040004/20/10/0400042010_46796_02.745.gif
64,폴킴,https://ticketimage.interpark.com/PlayDictionary/DATA/PlayDic/PlayDicUpload/040004/17/02/0400041702_40916_02821.558.gif
65,후이,https://ticketimage.interpark.com/PlayDictionary/DATA/PlayDic/PlayDicUpload/040004/20/07/0400042007_46521_02319.gif
66,92914,https://openimage.interpark.com/ticket-desktop/pages/product/noImage_back.png
67,신지훈,https://ticketimage.interpark.com/PlayDictionary/DATA/PlayDic/PlayDicUpload/040004/21/09/0400042109_48351_02.012.gif
68,카더가든,https://ticketimage.interpark.com/PlayDictionary/DATA/PlayDic/PlayDicUpload/040004/14/11/0400041411_36126_02113.239.gif
69,서인국,https://ticketimage.interpark.com/PlayDictionary/DATA/PlayDic/PlayDicUpload/040004/10/01/0400041001_19462_02.gif
70,이은미,https://ticketimage.interpark.com/PlayDictionary/DATA/PlayDic/PlayDicUpload/040004/07/01/0400040701_1250_012.jpg
71,한웅원,https://ticketimage.interpark.com/PlayDictionary/DATA/PlayDic/PlayDicUpload/040004/09/07/0400040907_16290_021.gif
72,민경인,https://ticketimage.interpark.com/PlayDictionary/DATA/PlayDic/PlayDicUpload/040004/09/08/0400040908_16638_02.622.gif
73,최진배,https://ticketimage.interpark.com/PlayDictionary/DATA/PlayDic/PlayDicUpload/040004/10/10/0400041010_23509_02.gif
76,김범수,https://ticketimage.interpark.com/PlayDictionary/DATA/PlayDic/PlayDicUpload/040004/08/01/0400040801_4855_02.221.gif
77,김재중,https://ticketimage.interpark.com/PlayDictionary/DATA/PlayDic/PlayDicUpload/040004/12/12/0400041212_30839_022.949.gif
79,임한별,https://ticketimage.interpark.com/PlayDictionary/DATA/PlayDic/PlayDicUpload/040004/20/06/0400042006_46346_02945.056.gif
82,박창근,https://ticketimage.interpark.com/PlayDictionary/DATA/PlayDic/PlayDicUpload/040004/09/08/0400040908_16418_02506.gif
84,김태균,https://ticketimage.interpark.com/PlayDictionary/DATA/PlayDic/PlayDicUpload/040004/07/01/0400040701_48_01.jpg
85,옥주현,https://ticketimage.interpark.com/PlayDictionary/DATA/PlayDic/PlayDicUpload/040004/07/01/0400040701_3727_011.jpg
86,현진영,https://ticketimage.interpark.com/PlayDictionary/DATA/PlayDic/PlayDicUpload/040004/11/06/0400041106_25949_02.119.gif
87,한상일,https://ticketimage.interpark.com/PlayDictionary/DATA/PlayDic/PlayDicUpload/040004/15/09/0400041509_38033_02.gif
88,유미,https://ticketimage.interpark.com/PlayDictionary/DATA/PlayDic/PlayDicUpload/040004/15/09/0400041509_38124_02.956.gif
89,김기태,https://ticketimage.interpark.com/PlayDictionary/DATA/PlayDic/PlayDicUpload/040004/22/07/0400042207_49936_02.708.gif
93,박정현,https://ticketimage.interpark.com/PlayDictionary/DATA/PlayDic/PlayDicUpload/040004/07/01/0400040701_1040_01.jpg
94,변진섭,https://ticketimage.interpark.com/PlayDictionary/DATA/PlayDic/PlayDicUpload/040004/08/01/0400040801_4685_02.gif
95,로꼬,https://ticketimage.interpark.com/PlayDictionary/DATA/PlayDic/PlayDicUpload/040004/12/09/0400041209_29838_02549.037.gif
96,헤이즈,https://ticketimage.interpark.com/PlayDictionary/DATA/PlayDic/PlayDicUpload/040004/15/10/0400041510_38319_02454.gif
97,심수봉,https://ticketimage.interpark.com/PlayDictionary/DATA/PlayDic/PlayDicUpload/040004/07/01/0400040701_1030_011.jpg
98,어반자카파,https://ticketimage.interpark.com/PlayDictionary/DATA/PlayDic/PlayDicUpload/040004/10/09/0400041009_23176_021.gif
99,김용임,https://ticketimage.interpark.com/PlayDictionary/DATA/PlayDic/PlayDicUpload/040004/09/08/0400040908_16739_02009.gif
100,진성,https://ticketimage.interpark.com/PlayDictionary/DATA/PlayDic/PlayDicUpload/040004/15/07/0400041507_37589_02936.gif
103,오은영,https://ticketimage.interpark.com/PlayDictionary/DATA/PlayDic/PlayDicUpload/040004/23/02/0400042302_51261_02.435.gif
104,소란,https://ticketimage.interpark.com/PlayDictionary/DATA/PlayDic/PlayDicUpload/040004/10/11/0400041011_23964_02312.931.gif
105,정동화,https://ticketimage.interpark.com/PlayDictionary/DATA/PlayDic/PlayDicUpload/040004/07/01/0400040701_4195_01.jpg
106,윤성,https://ticketimage.interpark.com/PlayDictionary/DATA/PlayDic/PlayDicUpload/040004/22/08/0400042208_50027_02.312.gif
107,이승철,https://ticketimage.interpark.com/PlayDictionary/DATA/PlayDic/PlayDicUpload/040004/07/01/0400040701_999_011.jpg
112,주현미,https://ticketimage.interpark.com/PlayDictionary/DATA/PlayDic/PlayDicUpload/040004/07/01/0400040701_1394_011925.gif
113,변우석,https://ticketimage.interpark.com/PlayDictionary/DATA/PlayDic/PlayDicUpload/040004/15/08/0400041508_37962_02.313.gif
114,세븐틴,https://ticketimage.interpark.com/PlayDictionary/DATA/PlayDic/PlayDicUpload/040004/15/07/0400041507_37584_02343.gif
115,태민,https://ticketimage.interpark.com/PlayDictionary/DATA/PlayDic/PlayDicUpload/040004/16/04/0400041604_39458_02.752.gif
116,김경현,https://ticketimage.interpark.com/PlayDictionary/DATA/PlayDic/PlayDicUpload/040004/13/11/0400041311_33634_02.gif
117,김아름,https://ticketimage.interpark.com/PlayDictionary/DATA/PlayDic/PlayDicUpload/040004/24/06/0400042406_54144_02.gif
118,김오키,https://openimage.interpark.com/ticket-desktop/pages/product/noImage_back.png
119,김준수,https://ticketimage.interpark.com/PlayDictionary/DATA/PlayDic/PlayDicUpload/040004/16/11/0400041611_40480_02828.gif
120,나상현씨밴드,https://ticketimage.interpark.com/PlayDictionary/DATA/PlayDic/PlayDicUpload/040004/15/10/0400041510_38201_02.000.gif
121,전진희,https://ticketimage.interpark.com/PlayDictionary/DATA/PlayDic/PlayDicUpload/040004/18/06/0400041806_43253_02.gif
124,마이앤트메리,https://ticketimage.interpark.com/PlayDictionary/DATA/PlayDic/PlayDicUpload/040004/07/01/0400040701_1311_01.jpg
125,김도향,https://ticketimage.interpark.com/PlayDictionary/DATA/PlayDic/PlayDicUpload/040004/08/01/0400040801_5242_02.gif
126,김마스타,https://ticketimage.interpark.com/PlayDictionary/DATA/PlayDic/PlayDicUpload/040004/08/07/0400040807_9715_02.gif
127,밍기뉴,https://openimage.interpark.com/ticket-desktop/pages/product/noImage_back.png
128,박강수,https://ticketimage.interpark.com/PlayDictionary/DATA/PlayDic/PlayDicUpload/040004/10/11/0400041011_23788_02.gif
129,박우재,https://ticketimage.interpark.com/PlayDictionary/DATA/PlayDic/PlayDicUpload/040004/12/03/0400041203_28163_021.gif
130,블랙홀,https://ticketimage.interpark.com/PlayDictionary/DATA/PlayDic/PlayDicUpload/040004/07/01/0400040701_1109_011031.847.gif
131,사샤 알렉스 슬론,https://openimage.interpark.com/ticket-desktop/pages/product/noImage_back.png
132,서울전자음악단,https://ticketimage.interpark.com/PlayDictionary/DATA/PlayDic/PlayDicUpload/040004/08/02/0400040802_6789_02.gif
133,에녹,https://ticketimage.interpark.com/PlayDictionary/DATA/PlayDic/PlayDicUpload/040004/08/02/0400040802_6961_023929.304.gif
134,손태진,https://ticketimage.interpark.com/PlayDictionary/DATA/PlayDic/PlayDicUpload/040004/17/03/0400041703_41023_02429.654.gif
137,쏜애플,https://ticketimage.interpark.com/PlayDictionary/DATA/PlayDic/PlayDicUpload/040004/13/02/0400041302_31478_02219.621.gif
138,안치환,https://ticketimage.interpark.com/PlayDictionary/DATA/PlayDic/PlayDicUpload/040004/07/01/0400040701_1290_011.jpg
139,웅산,https://ticketimage.interpark.com/PlayDictionary/DATA/PlayDic/PlayDicUpload/040004/08/02/0400040802_6823_02.gif
140,유라,https://ticketimage.interpark.com/PlayDictionary/DATA/PlayDic/PlayDicUpload/040004/21/11/0400042111_48717_02.417.gif
141,윤딴딴,https://ticketimage.interpark.com/PlayDictionary/DATA/PlayDic/PlayDicUpload/040004/16/05/0400041605_39653_02326.gif
144,이금희,https://ticketimage.interpark.com/PlayDictionary/DATA/PlayDic/PlayDicUpload/040004/08/10/0400040810_11564_02.gif
145,이두헌,https://ticketimage.interpark.com/PlayDictionary/DATA/PlayDic/PlayDicUpload/040004/13/01/0400041301_31088_02.104.gif
147,장사익,https://ticketimage.interpark.com/PlayDictionary/DATA/PlayDic/PlayDicUpload/040004/07/01/0400040701_1200_012.jpg
148,장하은,https://ticketimage.interpark.com/PlayDictionary/DATA/PlayDic/PlayDicUpload/040004/22/08/0400042208_50088_02.045.gif
149,정아로,https://ticketimage.interpark.com/PlayDictionary/DATA/PlayDic/PlayDicUpload/040004/22/09/0400042209_50290_02.147.gif
152,코난 그레이,https://openimage.interpark.com/ticket-desktop/pages/product/noImage_back.png
153,크랙샷,https://ticketimage.interpark.com/PlayDictionary/DATA/PlayDic/PlayDicUpload/040004/23/02/0400042302_51265_02.153.gif
154,프레드 허쉬,https://ticketimage.interpark.com/PlayDictionary/DATA/PlayDic/PlayDicUpload/040004/13/02/0400041302_31298_02.gif
155,레이니,https://ticketimage.interpark.com/PlayDictionary/DATA/PlayDic/PlayDicUpload/040004/18/03/0400041803_42653_02634.gif
156,차은우,https://ticketimage.interpark.com/PlayDictionary/DATA/PlayDic/PlayDicUpload/040004/22/09/0400042209_50288_02.726.gif
157,이펙스,https://ticketimage.interpark.com/PlayDictionary/DATA/PlayDic/PlayDicUpload/040004/22/10/0400042210_50458_02.740.gif
158,트래비스,https://ticketimage.interpark.com/PlayDictionary/DATA/PlayDic/PlayDicUpload/040004/08/12/0400040812_12216_022.gif
159,권진아,https://ticketimage.interpark.com/PlayDictionary/DATA/PlayDic/PlayDicUpload/040004/15/03/0400041503_36869_02548.144.gif
160,홍이삭,https://ticketimage.interpark.com/PlayDictionary/DATA/PlayDic/PlayDicUpload/040004/18/08/0400041808_43555_02.901.gif
161,설,https://ticketimage.interpark.com/PlayDictionary/DATA/PlayDic/PlayDicUpload/040004/18/11/0400041811_43923_02.013.gif
162,알렉 벤자민,https://openimage.interpark.com/ticket-desktop/pages/product/noImage_back.png
164,박완규,https://ticketimage.interpark.com/PlayDictionary/DATA/PlayDic/PlayDicUpload/040004/07/01/0400040701_46_01.jpg
165,소찬휘,https://ticketimage.interpark.com/PlayDictionary/DATA/PlayDic/PlayDicUpload/040004/07/01/0400040701_4203_012.jpg
166,강형호,https://ticketimage.interpark.com/PlayDictionary/DATA/PlayDic/PlayDicUpload/040004/19/09/0400041909_45310_02717.356.gif
168,포터 로빈슨,https://ticketimage.interpark.com/PlayDictionary/DATA/PlayDic/PlayDicUpload/040004/13/08/0400041308_32870_021.gif
169,김원준,https://ticketimage.interpark.com/PlayDictionary/DATA/PlayDic/PlayDicUpload/040004/07/01/0400040701_1638_01.600.gif
170,김현정,https://ticketimage.interpark.com/PlayDictionary/DATA/PlayDic/PlayDicUpload/040004/09/07/0400040907_16004_02.gif
172,R.ef,https://ticketimage.interpark.com/PlayDictionary/DATA/PlayDic/PlayDicUpload/040004/12/06/0400041206_29021_02.140.gif
173,스페이스 에이,https://ticketimage.interpark.com/PlayDictionary/DATA/PlayDic/PlayDicUpload/040004/13/04/0400041304_32070_02.213.gif
174,노이즈,https://openimage.interpark.com/ticket-desktop/pages/product/noImage_back.png
175,김성수,https://ticketimage.interpark.com/PlayDictionary/DATA/PlayDic/PlayDicUpload/040004/16/07/0400041607_39954_02322.gif
176,트라이토널,https://ticketimage.interpark.com/PlayDictionary/DATA/PlayDic/PlayDicUpload/040004/14/11/0400041411_36095_02.gif
177,니키 로메로,https://openimage.interpark.com/ticket-desktop/pages/product/noImage_back.png
178,젠틀레인,https://ticketimage.interpark.com/PlayDictionary/DATA/PlayDic/PlayDicUpload/040004/08/10/0400040810_11420_021.127.gif
179,카즈미 타테이시,https://ticketimage.interpark.com/PlayDictionary/DATA/PlayDic/PlayDicUpload/040004/11/10/0400041110_27024_02.gif
180,마오 스즈키,https://ticketimage.interpark.com/PlayDictionary/DATA/PlayDic/PlayDicUpload/040004/11/10/0400041110_27025_02.gif
181,시노부 사토,https://ticketimage.interpark.com/PlayDictionary/DATA/PlayDic/PlayDicUpload/040004/11/10/0400041110_27026_02.gif
182,요시다 케이코,https://ticketimage.interpark.com/PlayDictionary/DATA/PlayDic/PlayDicUpload/040004/24/05/0400042405_54014_02.gif
183,소향,https://ticketimage.interpark.com/PlayDictionary/DATA/PlayDic/PlayDicUpload/040004/08/04/0400040804_7834_021.gif
184,정동하,https://ticketimage.interpark.com/PlayDictionary/DATA/PlayDic/PlayDicUpload/040004/11/10/0400041110_27023_022.gif
