,상품 제목,포스터 URL,상세 포스터 URL,공연장소,캐스팅 리스트,해당 링크,시작일,종료일,종료일_date
1,Soundberry Festa’ 24,https://image.toast.com/aaaaab/ticketlink/TKL_4/main0607(1).jpg,http://image.toast.com/aaaaab/ticketlink/TKL_10/info1_0620.jpg,KBS아레나 일대,,https://www.ticketlink.co.kr/product/50492,2024.07.20,2024.07.21,2024-07-21
2,이승환밴드 마지막 팬미팅,https://image.toast.com/aaaaab/ticketlink/TKL_1/last_0620.jpg,http://image.toast.com/aaaaab/ticketlink/TKL_9/last_info_0620.jpg,연세대학교 백주년기념관 콘서트홀,이승환밴드,https://www.ticketlink.co.kr/product/50709,2024.08.03,2024.08.04,2024-08-04
3,EMOTIONAL ORANGES (이모셔널 오렌지스) 첫 단독 내한 공연,https://image.toast.com/aaaaab/ticketlink/TKL_4/main0530.jpg,http://image.toast.com/aaaaab/ticketlink/TKL_1/info1_0607.jpg,예스24 라이브홀,"EMOTIONAL ORANGES, CHIIILD",https://www.ticketlink.co.kr/product/50396,2024.08.28,2024.08.28,2024-08-28
4,LILPACON : Going Out - SOOPER CONCERT,https://image.toast.com/aaaaab/ticketlink/TKL_3/main(80).jpg,http://image.toast.com/aaaaab/ticketlink/TKL_1/lilpa_info06171602a_optimized.jpg,경희대학교 평화의전당,이세계아이돌 릴파,https://www.ticketlink.co.kr/product/50487,2024.07.12,2024.07.13,2024-07-13
5,2024 KIMHYUNJOONG CONCERT 'THE LAST DANCE',https://image.toast.com/aaaaab/ticketlink/TKL_4/main0527(2).jpg,http://image.toast.com/aaaaab/ticketlink/TKL_8/kor0527.jpg,이화여자대학교 삼성홀,김현중,https://www.ticketlink.co.kr/product/50314,2024.07.13,2024.07.14,2024-07-14
6,2024 ARTMS World Tour < Moonshot > in Seoul,https://image.toast.com/aaaaab/ticketlink/TKL_4/[ARTMS]pst_0624.jpg,http://image.toast.com/aaaaab/ticketlink/TKL_5/moon_info0620kr_optimized.jpg,이화여자대학교 삼성홀,ARTMS,https://www.ticketlink.co.kr/product/50679,2024.07.20,2024.07.21,2024-07-21
7,2024 걸스온파이어 전국투어 콘서트 - 서울,https://image.toast.com/aaaaab/ticketlink/TKL_1/main0611(2).jpg,http://image.toast.com/aaaaab/ticketlink/TKL_4/web0611.jpg,올림픽공원 올림픽홀,상세페이지 참고,https://www.ticketlink.co.kr/product/50529,2024.07.27,2024.07.28,2024-07-28
8,2024 인천펜타포트 락 페스티벌 X KB국민카드 스타샵,https://image.toast.com/aaaaab/ticketlink/TKL_6/penta_pst06241338.jpg,http://image.toast.com/aaaaab/ticketlink/TKL_7/lineup_0607.jpg,송도달빛축제공원,,https://www.ticketlink.co.kr/product/50048,2024.08.02,2024.08.04,2024-08-04
11,워터밤 서울 2024,https://image.toast.com/aaaaab/ticketlink/TKL_6/seoul_main_0223.jpg,http://image.toast.com/aaaaab/ticketlink/TKL_3/wb_info_0626.jpg,KINTEX 야외 글로벌 스테이지(KINTEX 제2전시장),,https://www.ticketlink.co.kr/product/47528,2024.07.05,2024.07.07,2024-07-07
12,2024 tripleS FAN-CON < Girls Never Stop >,https://image.toast.com/aaaaab/ticketlink/TKL_1/[tripleS]main_0605.jpg,http://image.toast.com/aaaaab/ticketlink/TKL_5/[tripleS]info_0605_kr.jpg,이화여자대학교 삼성홀,tripleS (트리플에스),https://www.ticketlink.co.kr/product/50484,2024.07.06,2024.07.07,2024-07-07
13,LiSA LiVE is Smile Always?ASiA TOUR 2024? in Seoul,https://image.toast.com/aaaaab/ticketlink/TKL_4/lisa_info0314.jpg,http://image.toast.com/aaaaab/ticketlink/TKL_8/lisa_01_0627.jpg,고려대학교 화정체육관,LiSA,https://www.ticketlink.co.kr/product/49165,2024.07.20,2024.07.20,2024-07-20
14,윤딴딴 투어 콘서트 [딴딴한여름 2024] : 인천,https://image.toast.com/aaaaab/ticketlink/TKL_1/pst_06071141.jpg,http://image.toast.com/aaaaab/ticketlink/TKL_3/web0611(1).jpg,부평아트센터 해누리극장,윤딴딴,https://www.ticketlink.co.kr/product/50457,2024.07.27,2024.07.27,2024-07-27
15,2024 블루밍 스테이지 [ 헤이즈 x 로꼬 ],https://image.toast.com/aaaaab/ticketlink/TKL_8/heize_loggo_main_0612.jpg,http://image.toast.com/aaaaab/ticketlink/TKL_1/h_info06241054.jpg,경희대학교 평화의전당,헤이즈 x 로꼬,https://www.ticketlink.co.kr/product/50581,2024.07.27,2024.07.27,2024-07-27
16,JUMF 2024 전주얼티밋뮤직페스티벌 사전예매 티켓,https://image.toast.com/aaaaab/ticketlink/TKL_4/jump_pst_0605.jpg,http://image.toast.com/aaaaab/ticketlink/TKL_3/JUMF_kr_info_0628.jpg,전주 종합경기장,,https://www.ticketlink.co.kr/product/50435,2024.08.09,2024.08.11,2024-08-11
17,PITTA 강형호 콘서트: New Normal Life - 수원,https://image.toast.com/aaaaab/ticketlink/TKL_4/pst_0521.jpg,http://image.toast.com/aaaaab/ticketlink/TKL_9/web0521-1818.jpg,경기아트센터 대극장,강형호,https://www.ticketlink.co.kr/product/50205,2024.08.10,2024.08.11,2024-08-11
19,2024 이승철 신곡발매기념 콘서트 “Rock'n All” - 창원,https://image.toast.com/aaaaab/ticketlink/TKL_9/m0527.jpg,http://image.toast.com/aaaaab/ticketlink/TKL_7/web0517(2).jpg,성산아트홀 대극장,이승철,https://www.ticketlink.co.kr/product/50120,2024.07.06,2024.07.06,2024-07-06
20,2024 이승철 신곡발매기념 콘서트 “Rock'n All” - 대구,https://image.toast.com/aaaaab/ticketlink/TKL_6/dg0517.jpg,http://image.toast.com/aaaaab/ticketlink/TKL_3/web0517.jpg,영남대 천마아트센터 그랜드홀,이승철,https://www.ticketlink.co.kr/product/49828,2024.07.13,2024.07.13,2024-07-13
21,2024 이승철 신곡발매기념 콘서트 “Rock'n All” - 대전,https://image.toast.com/aaaaab/ticketlink/TKL_6/dj0517.jpg,http://image.toast.com/aaaaab/ticketlink/TKL_9/web0517(1).jpg,충남대학교 정심화홀,이승철,https://www.ticketlink.co.kr/product/49826,2024.07.20,2024.07.20,2024-07-20
22,2024 이승철 신곡발매기념 콘서트 “Rock’n All” - 인천,https://image.toast.com/aaaaab/ticketlink/TKL_8/inc_main_0618.png,http://image.toast.com/aaaaab/ticketlink/TKL_5/ICN_INFO_0618.jpg,인스파이어 아레나,이승철,https://www.ticketlink.co.kr/product/50625,2024.07.27,2024.07.27,2024-07-27
23,메타코미디 Stand Up Assemble 24' Tour 서울공연,https://image.toast.com/aaaaab/ticketlink/TKL_4/mt_pst0514.jpg,http://image.toast.com/aaaaab/ticketlink/TKL_6/mt_info0514.jpg,연세대학교 대강당,"10일 대니초, 김동하, 송하빈, 김영구, 박철현  11일 김동하, 이제규, 손동훈, 김주환, 박철현",https://www.ticketlink.co.kr/product/49962,2024.08.10,2024.08.11,2024-08-11
24,2024 이승철 신곡발매기념 콘서트 “Rock'n All” - 부산,https://image.toast.com/aaaaab/ticketlink/TKL_3/bs_0610.jpg,http://image.toast.com/aaaaab/ticketlink/TKL_9/bs_info_06111059.jpg,드림씨어터,이승철,https://www.ticketlink.co.kr/product/50523,2024.08.17,2024.08.17,2024-08-17
25,2024 이승철 신곡발매기념 콘서트 “Rock'n All” - 춘천,https://image.toast.com/aaaaab/ticketlink/TKL_2/cc_0610.jpg,http://image.toast.com/aaaaab/ticketlink/TKL_3/cc_info_0611.jpg,강원대학교 백령아트센터,이승철,https://www.ticketlink.co.kr/product/50527,2024.09.21,2024.09.21,2024-09-21
26,김태균 쇼(SHOW) - 부산,https://image.toast.com/aaaaab/ticketlink/TKL_1/main0617.jpg,http://image.toast.com/aaaaab/ticketlink/TKL_3/web0617(1).jpg,KBS 부산홀,김태균,https://www.ticketlink.co.kr/product/50627,2024.10.05,2024.10.05,2024-10-05
27,김태균 쇼(SHOW) - 대구,https://image.toast.com/aaaaab/ticketlink/TKL_6/main0617(1).jpg,http://image.toast.com/aaaaab/ticketlink/TKL_10/web0617.jpg,대구 엑스코 오디토리움,김태균,https://www.ticketlink.co.kr/product/50628,2024.10.12,2024.10.12,2024-10-12
32,QM 개미 단독 콘서트,https://image.toast.com/aaaaab/ticketlink/TKL_2/annt_pst0611.jpg,http://image.toast.com/aaaaab/ticketlink/TKL_1/qm_info06101203a.jpg,홍대 웨스트브릿지 라이브홀,"QM, 프롬올투휴먼",https://www.ticketlink.co.kr/product/50546,2024.07.07,2024.07.07,2024-07-07
33,워터밤 제주 2024,https://image.toast.com/aaaaab/ticketlink/TKL_4/jeju_main_0223.jpg,http://image.toast.com/aaaaab/ticketlink/TKL_3/jeju_info_0621.jpg,제주종합경기장,,https://www.ticketlink.co.kr/product/47081,2024.07.13 ,2024.07.13,2024-07-13
34,2024 타임캡슐 슈퍼콘서트 전국투어 in 대전,https://image.toast.com/aaaaab/ticketlink/TKL_1/main0607(1).jpg,http://image.toast.com/aaaaab/ticketlink/TKL_2/1w0607.jpg,대전 목원대학교 특설무대,,https://www.ticketlink.co.kr/product/49389,2024.07.13,2024.07.13,2024-07-13
35,"샤메이 첫 단독 콘서트, 誕生",https://image.toast.com/aaaaab/ticketlink/TKL_3/oz_pst0608.jpg,http://image.toast.com/aaaaab/ticketlink/TKL_10/s_info06101537a.jpg,홍대 롤링홀,샤메이,https://www.ticketlink.co.kr/product/50513,2024.07.13,2024.07.13,2024-07-13
36,워터밤 대구 2024,https://image.toast.com/aaaaab/ticketlink/TKL_1/daegu_main_0223.jpg,http://image.toast.com/aaaaab/ticketlink/TKL_9/dg0613.jpg,대구 스타디움 주경기장,,https://www.ticketlink.co.kr/product/47079,2024.07.20 ,2024.07.20,2024-07-20
37,PITTA 강형호 콘서트: New Normal Life - 부산,https://image.toast.com/aaaaab/ticketlink/TKL_8/main0522(3).jpg,http://image.toast.com/aaaaab/ticketlink/TKL_6/pitta_bs_info_0523.jpg,소향씨어터 신한카드홀,PITTA 강형호,https://www.ticketlink.co.kr/product/50248,2024.07.20,2024.07.21,2024-07-21
38,워터밤 부산 2024,https://image.toast.com/aaaaab/ticketlink/TKL_1/busan_main_0223.jpg,http://image.toast.com/aaaaab/ticketlink/TKL_9/busan_kr_info_0621.jpg,북항친수공원 및 국제여객터미널 야외주차장,,https://www.ticketlink.co.kr/product/47076,2024.07.27 ,2024.07.27,2024-07-27
39,2024 조선의 사랑꾼 원혁 첫 단독콘서트,https://image.toast.com/aaaaab/ticketlink/TKL_9/wonh_pst_0529.jpg,http://image.toast.com/aaaaab/ticketlink/TKL_1/wonh_INFO_0529.jpg,송도센트럴파크호텔 다이아몬드홀,"원혁  (특별출연 개그맨 이용식, 이수민)",https://www.ticketlink.co.kr/product/50374,2024.07.27,2024.07.27,2024-07-27
40,워터밤 인천 2024,https://image.toast.com/aaaaab/ticketlink/TKL_9/ic_0223.jpg,http://image.toast.com/aaaaab/ticketlink/TKL_10/wb_ic_info_tl_0628_optimized.jpg,상상플랫폼 야외광장,,https://www.ticketlink.co.kr/product/47547,2024.08.03,2024.08.03,2024-08-03
41,워터밤 대전 2024,https://image.toast.com/aaaaab/ticketlink/TKL_4/dj_0223.jpg,http://image.toast.com/aaaaab/ticketlink/TKL_9/wb_dj_info_tl_0628_optimized.jpg,목원대학교 대운동장,,https://www.ticketlink.co.kr/product/47546,2024.08.10,2024.08.10,2024-08-10
42,워터밤 속초 2024,https://image.toast.com/aaaaab/ticketlink/TKL_3/sokcho_main_0223.jpg,http://image.toast.com/aaaaab/ticketlink/TKL_1/wb24_sokcho_phase2_0624.jpg,한화리조트 설악,,https://www.ticketlink.co.kr/product/47545,2024.08.17,2024.08.17,2024-08-17
43,워터밤 수원 2024,https://image.toast.com/aaaaab/ticketlink/TKL_10/suwon_main_0223.jpg,http://image.toast.com/aaaaab/ticketlink/TKL_6/suwon_info_0621.jpg,수원대학교 대운동장,,https://www.ticketlink.co.kr/product/47078,2024.08.24 ,2024.08.24,2024-08-24
44,워터밤 여수 2024,https://image.toast.com/aaaaab/ticketlink/TKL_4/ys_main_0510.jpg,http://image.toast.com/aaaaab/ticketlink/TKL_7/wb_ys_info_0619.jpg,여수 엑스포 스카이타워 해안가 특설무대,,https://www.ticketlink.co.kr/product/47080,2024.08.31 ,2024.08.31,2024-08-31
45,박인희 앵콜 콘서트,https://image.toast.com/aaaaab/ticketlink/TKL_1/PAK_PST_0521.jpg,http://image.toast.com/aaaaab/ticketlink/TKL_3/PAK_INFO_0521.jpg,연세대학교 대강당,박인희,https://www.ticketlink.co.kr/product/50252,2024.09.21,2024.09.21,2024-09-21
46,2024 김창옥 토크콘서트 시즌4 - 서울,https://image.toast.com/aaaaab/ticketlink/TKL_6/kco_0401.jpg,http://image.toast.com/aaaaab/ticketlink/TKL_10/kco_info_0401.jpg,연세대학교 대강당,김창옥,https://www.ticketlink.co.kr/product/49482,2024.07.07,2024.07.07,2024-07-07
47,김오키 새턴발라드 <러브 인 새턴> _싱크넥스트24,https://image.toast.com/aaaaab/ticketlink/TKL_8/love_pst0516.jpg,http://image.toast.com/aaaaab/ticketlink/TKL_1/SN24_lovein_info_0627.jpg,세종문화회관 S씨어터,상세페이지 참고,https://www.ticketlink.co.kr/product/49949,2024.07.05,2024.07.06,2024-07-06
48,2024 변진섭 전국투어 콘서트 : 변천사 - 인천,https://image.toast.com/aaaaab/ticketlink/TKL_3/inc_main_0522.jpg,http://image.toast.com/aaaaab/ticketlink/TKL_7/inc_info_0522.jpg,부평아트센터 해누리극장,변진섭,https://www.ticketlink.co.kr/product/50231,2024.07.20,2024.07.20,2024-07-20
49,2024 변진섭 전국투어 콘서트 : 변천사 - 평택,https://image.toast.com/aaaaab/ticketlink/TKL_9/b_main_0610.jpg,http://image.toast.com/aaaaab/ticketlink/TKL_9/b_748_info0611.jpg,평택서부문화예술회관 대공연장,변진섭,https://www.ticketlink.co.kr/product/50534,2024.07.27,2024.07.27,2024-07-27
50,이은결 연출 ‘멜리에스 일루션’,https://image.toast.com/aaaaab/ticketlink/TKL_4/PST.jpg,http://image.toast.com/aaaaab/ticketlink/TKL_4/INFO1.jpg,LG아트센터 서울 U+ 스테이지,이은결,https://www.ticketlink.co.kr/product/47831,2024.11.09,2024.11.17,2024-11-17
51,유라 <꽤 많은 수의 촉수 돌기> _싱크넥스트24,https://image.toast.com/aaaaab/ticketlink/TKL_5/y_pst0516.jpg,http://image.toast.com/aaaaab/ticketlink/TKL_6/y_info0516.jpg,세종문화회관 S씨어터,상세페이지 참고,https://www.ticketlink.co.kr/product/50051,2024.08.09,2024.08.10,2024-08-10
52,메타코미디 <코미디 어셈블: 만담> _싱크넥스트24,https://image.toast.com/aaaaab/ticketlink/TKL_2/main0613.jpg,http://image.toast.com/aaaaab/ticketlink/TKL_7/SN24_m_info_0611.jpg,세종문화회관 S씨어터,상세페이지 참고,https://www.ticketlink.co.kr/product/50076,2024.08.15,2024.08.15,2024-08-15
53,메타코미디 <코미디 어셈블: 스탠드업> _싱크넥스트24,https://image.toast.com/aaaaab/ticketlink/TKL_10/main0613.jpg,http://image.toast.com/aaaaab/ticketlink/TKL_6/SN24_s_info_0611.jpg,세종문화회관 S씨어터,상세페이지 참고,https://www.ticketlink.co.kr/product/50077,2024.08.16,2024.08.17,2024-08-17
55,BUDX WORLD TOUR Pre-party,https://image.toast.com/aaaaab/ticketlink/TKL_2/BUDX_pst_0611.jpg,http://image.toast.com/aaaaab/ticketlink/TKL_2/BUDX_info_0611.jpg,Paper&Shelter,,https://www.ticketlink.co.kr/product/50334,2024.06.22,2024.08.10,2024-08-10
60,박파랑의 '클래식 서양 미술사' - 경주 (특별 추가강의),https://image.toast.com/aaaaab/ticketlink/TKL_1/TicketlinkOpen(119).png,https://i.namu.wiki/i/GFw2SMaGiqbS3yeTWO08FD5Df8LKk-xB2ckQ0MtDjdoryMCJtsDap9msW17NVgbTM4432kao4DkEGsgwhs_In0zw9vMOldvNbYoc-n1Ng4XgxBVZXNZz33WScPw6zCJY5XAVrdsAFGDx24HN_nu3oQ.webp,경주예술의전당 대회의실,,https://www.ticketlink.co.kr/product/50482,2024.07.04,2024.07.25,2024-07-25
61,하모나이즈 콘서트 School of Choir - 울산,https://image.toast.com/aaaaab/ticketlink/TKL_3/main0610(2).jpg,http://image.toast.com/aaaaab/ticketlink/TKL_5/main0610(2).jpg,울산학생교육문화회관 소원홀,,https://www.ticketlink.co.kr/product/50538,2024.07.06,2024.07.07,2024-07-07
62,성악가와 어린이가 함께 만드는 키즈콘서트,https://image.toast.com/aaaaab/ticketlink/TKL_1/kids_info06201327.jpg,http://image.toast.com/aaaaab/ticketlink/TKL_5/kids_info06201327.jpg,동탄복합문화센터 반석아트홀,상세정보 참고,https://www.ticketlink.co.kr/product/50620,2024.07.06,2024.07.06,2024-07-06
63,광주상설공연 7월,https://image.toast.com/aaaaab/ticketlink/TKL_5/tl_image(19).png,https://i.namu.wiki/i/GFw2SMaGiqbS3yeTWO08FD5Df8LKk-xB2ckQ0MtDjdoryMCJtsDap9msW17NVgbTM4432kao4DkEGsgwhs_In0zw9vMOldvNbYoc-n1Ng4XgxBVZXNZz33WScPw6zCJY5XAVrdsAFGDx24HN_nu3oQ.webp,광주공연마루,,https://www.ticketlink.co.kr/product/50645,2024.07.06,2024.07.28,2024-07-28
64,아트캠프 「패밀리 펀펀데이」,https://image.toast.com/aaaaab/ticketlink/TKL_10/funfun_pst0621.jpg,http://image.toast.com/aaaaab/ticketlink/TKL_4/funfun_pst0621.jpg,서구문화회관 야외공연장,,https://www.ticketlink.co.kr/product/50708,2024.07.06,2024.07.06,2024-07-06
65,2024 김창완밴드 전국투어 <개구쟁이> - 부산,https://image.toast.com/aaaaab/ticketlink/TKL_6/pst_0401.jpg,http://image.toast.com/aaaaab/ticketlink/TKL_3/info_0401.jpg,부산문화회관 대극장,김창완,https://www.ticketlink.co.kr/product/49456,2024.07.07,2024.07.07,2024-07-07
66,경산시민과 함께하는 오은영 박사의 슬기로운 육아 토크 콘서트,https://image.toast.com/aaaaab/ticketlink/TKL_1/oh-pst0617.jpg,http://image.toast.com/aaaaab/ticketlink/TKL_1/oh-pst0617(1).jpg,영남대학교 천마아트센터 그랜드홀,,https://www.ticketlink.co.kr/product/50624,2024.07.08,2024.07.08,2024-07-08
67,버라이어티 동춘 서커스 쇼-김제,https://image.toast.com/aaaaab/ticketlink/TKL_2/cir_main_0625.jpg,http://image.toast.com/aaaaab/ticketlink/TKL_10/cir_main_0621.jpg,김제문화예술회관 대공연장,-,https://www.ticketlink.co.kr/product/50716,2024.07.12,2024.07.12,2024-07-12
68,김경호 데뷔 30주년 전국투어 콘서트:THE ROCKER-창원,https://image.toast.com/aaaaab/ticketlink/TKL_10/kkh_pst_0510.jpg,http://image.toast.com/aaaaab/ticketlink/TKL_3/kkh_pst_0510.jpg,KBS창원홀,김경호,https://www.ticketlink.co.kr/product/50081,2024.07.13,2024.07.13,2024-07-13
69,"2024 빅3 “행복한만남” <강진, 김용임, 진성> - 광주",https://image.toast.com/aaaaab/ticketlink/TKL_3/GJ0528.jpg,http://image.toast.com/aaaaab/ticketlink/TKL_9/3_gj_info_0528.jpg,광주예술의전당 대극장,"강진, 김용임, 진성",https://www.ticketlink.co.kr/product/50303,2024.07.13,2024.07.13,2024-07-13
70,서빛마루문예회관 기획공연 #6 ‘IN THE MOVICAL’,https://image.toast.com/aaaaab/ticketlink/TKL_9/6_main_0613.jpg,http://image.toast.com/aaaaab/ticketlink/TKL_6/movi_main_0617.jpg,서빛마루문화예술회관,뮤지컬단 다락,https://www.ticketlink.co.kr/product/50607,2024.07.13,2024.07.13,2024-07-13
71,"[대구] 2024 목소리 높여, 그분께 PAX 찬양콘서트 “NEW WORSHIP”",https://image.toast.com/aaaaab/ticketlink/TKL_10/nw_pst0619.jpg,http://image.toast.com/aaaaab/ticketlink/TKL_8/nw_pst2_0619.jpg,범어대성당 드망즈홀,,https://www.ticketlink.co.kr/product/50667,2024.07.13,2024.07.14,2024-07-14
72,윤수일밴드 라이브 콘서트,https://image.toast.com/aaaaab/ticketlink/TKL_10/main0620(2).jpg,http://image.toast.com/aaaaab/ticketlink/TKL_3/main0620(1).jpg,포천반월아트홀,윤수일밴드,https://www.ticketlink.co.kr/product/49909,2024.07.14,2024.07.14,2024-07-14
73,라떼 노래방,https://image.toast.com/aaaaab/ticketlink/TKL_5/latte_pst0626.jpg,http://image.toast.com/aaaaab/ticketlink/TKL_5/latte_info0626.jpg,메종 글래드 제주 컨벤션홀,"부활, 플라워, izi, 이정봉, Bigdaddy",https://www.ticketlink.co.kr/product/50233,2024.07.14,2024.07.14,2024-07-14
74,I.CON : 팬앤스타 콘서트 ( ONEPACT ),https://image.toast.com/aaaaab/ticketlink/TKL_6/op_pst_0625.jpg,http://image.toast.com/aaaaab/ticketlink/TKL_7/kr_icon2_info_0626.jpg,스카이아트홀,원팩트,https://www.ticketlink.co.kr/product/50750,2024.07.14,2024.07.14,2024-07-14
75,「Love Live! Overseas Events in Seoul」,https://image.toast.com/aaaaab/ticketlink/TKL_5/lovelive_pst_0430.jpg,http://image.toast.com/aaaaab/ticketlink/TKL_10/web0507(1).jpg,CTS 아트홀,"Pile, 닛타에미",https://www.ticketlink.co.kr/product/49929,2024.07.19,2024.07.20,2024-07-20
76,[대구] 인디神페스티벌 _라쿠나(Lacuna),https://image.toast.com/aaaaab/ticketlink/TKL_7/indi_pst_0621_1453.jpg,http://image.toast.com/aaaaab/ticketlink/TKL_10/la_info_0624.jpg,어울아트센터 함지홀,라쿠나,https://www.ticketlink.co.kr/product/50701,2024.07.19,2024.07.19,2024-07-19
77,2024 심수봉 전국투어 콘서트 : 꽃길 - 원주,https://image.toast.com/aaaaab/ticketlink/TKL_10/s_0507.jpg,http://image.toast.com/aaaaab/ticketlink/TKL_9/s_info_0507.jpg,원주종합체육관,심수봉,https://www.ticketlink.co.kr/product/50028,2024.07.20,2024.07.20,2024-07-20
78,< EUNOIA > 크로스오버 콘서트 in 퀸 - 대구,https://image.toast.com/aaaaab/ticketlink/TKL_10/main0522(1).jpg,http://image.toast.com/aaaaab/ticketlink/TKL_2/web0523(1).jpg,천마아트센터 그랜드홀,상세페이지 참고,https://www.ticketlink.co.kr/product/50255,2024.07.20,2024.07.20,2024-07-20
79,"2024 빅3 “행복한만남” <강진, 김용임, 진성> - 전주",https://image.toast.com/aaaaab/ticketlink/TKL_1/JJ0528.jpg,http://image.toast.com/aaaaab/ticketlink/TKL_9/3_jj_info_0528.jpg,한국소리문화의전당 모악당,"강진, 김용임, 진성",https://www.ticketlink.co.kr/product/50301,2024.07.20,2024.07.20,2024-07-20
80,[대구] 퓨전 국악 밴드<팔방미>-온고지신,https://image.toast.com/aaaaab/ticketlink/TKL_7/8_pst0611.jpg,http://image.toast.com/aaaaab/ticketlink/TKL_6/8_pst0611.jpg,소담아트홀,,https://www.ticketlink.co.kr/product/50560,2024.07.20,2024.07.20,2024-07-20
81,[대구] 인디神페스티벌 _ 너드커넥션(Nerd Connection),https://image.toast.com/aaaaab/ticketlink/TKL_1/indi_pst_0621_1453.jpg,http://image.toast.com/aaaaab/ticketlink/TKL_3/nerd_info_0624.jpg,어울아트센터 함지홀,너드커넥션,https://www.ticketlink.co.kr/product/50699,2024.07.20,2024.07.20,2024-07-20
82,GAC 기획공연 포커스 SURL ‘ringringring’,https://image.toast.com/aaaaab/ticketlink/TKL_2/surl_pst0622.jpg,http://image.toast.com/aaaaab/ticketlink/TKL_6/surl_pst0622.jpg,광주예술의전당 소극장,"설호승(보컬&기타), 이한빈(베이스), 오명석(드럼), 김도연(기타)",https://www.ticketlink.co.kr/product/50723,2024.07.26,2024.07.26,2024-07-26
83,[안동] 버라이어티 개그 쇼 - 쇼그맨,https://image.toast.com/aaaaab/ticketlink/TKL_3/main0522.jpg,http://image.toast.com/aaaaab/ticketlink/TKL_10/1w0522.jpg,안동문화예술의전당 웅부홀,,https://www.ticketlink.co.kr/product/50185,2024.07.27,2024.07.27,2024-07-27
84,"2024 오누이 “우리들의 학창시절” <김용임, 진성> - 목포",https://image.toast.com/aaaaab/ticketlink/TKL_2/main0528(2).jpg,http://image.toast.com/aaaaab/ticketlink/TKL_5/web0528(2).jpg,목포시민문화체육센터 대공연장,"김용임, 진성",https://www.ticketlink.co.kr/product/50327,2024.07.27,2024.07.27,2024-07-27
85,2024 김창완밴드 전국투어 <개구쟁이> - 김해,https://image.toast.com/aaaaab/ticketlink/TKL_8/g_pst0613.jpg,http://image.toast.com/aaaaab/ticketlink/TKL_2/g_700_info0613.jpg,김해문화의전당 마루홀,김창완밴드,https://www.ticketlink.co.kr/product/50601,2024.07.27,2024.07.27,2024-07-27
86,서빛마루문예회관 기획공연 #7 ‘세상에서 가장 신기한 마술’,https://image.toast.com/aaaaab/ticketlink/TKL_4/7_main_0620.jpg,http://image.toast.com/aaaaab/ticketlink/TKL_10/7_main_0620.jpg,서빛마루문화예술회관,마술사 이경재,https://www.ticketlink.co.kr/product/50694,2024.07.27,2024.07.27,2024-07-27
87,2024 변진섭 전국투어 콘서트 : 변천사 - 대구,https://image.toast.com/aaaaab/ticketlink/TKL_8/b_main_0604.jpg,http://image.toast.com/aaaaab/ticketlink/TKL_5/BCS_INFO_0604.jpg,대구보건대학교 인당아트홀,변진섭,https://www.ticketlink.co.kr/product/50450,2024.07.28,2024.07.28,2024-07-28
88,김정민 전국투어 콘서트 : LIVE STAR - 대구,https://image.toast.com/aaaaab/ticketlink/TKL_9/k_main_0604.jpg,http://image.toast.com/aaaaab/ticketlink/TKL_4/KJM_INFO_0604.jpg,대구보건대학교 인당아트홀,김정민,https://www.ticketlink.co.kr/product/50453,2024.07.28,2024.07.28,2024-07-28
89,마음을 전하는 모래 이야기 - 안동,https://image.toast.com/aaaaab/ticketlink/TKL_6/7cul_info1_0604.jpg,http://image.toast.com/aaaaab/ticketlink/TKL_8/7cul_info1_0604.jpg,안동문화예술의전당 백조홀,상세정보 참고,https://www.ticketlink.co.kr/product/50227,2024.07.30,2024.07.30,2024-07-30
90,[캠핑권]2024 인천펜타포트 락 페스티벌 X KB국민카드 스타샵,https://image.toast.com/aaaaab/ticketlink/TKL_5/camp_0603.jpg,http://image.toast.com/aaaaab/ticketlink/TKL_9/camp_info_0603.jpg,송도달빛축제공원,,https://www.ticketlink.co.kr/product/50276,2024.08.02,2024.08.04,2024-08-04
91,커트 로젠윈클 The Next Step Band,https://image.toast.com/aaaaab/ticketlink/TKL_4/kurt_pst0607.jpg,http://image.toast.com/aaaaab/ticketlink/TKL_8/kurt_pst0607.jpg,광림아트센터 장천홀,커트 로젠윈클,https://www.ticketlink.co.kr/product/50446,2024.08.02,2024.08.02,2024-08-02
92,윤딴딴 투어 콘서트 [딴딴한여름 2024] : 제주,https://image.toast.com/aaaaab/ticketlink/TKL_2/ddan_main_0610.jpg,http://image.toast.com/aaaaab/ticketlink/TKL_3/yun_info_0613.jpg,한라아트홀 대극장,윤딴딴,https://www.ticketlink.co.kr/product/50535,2024.08.03,2024.08.03,2024-08-03
93,2024 KIM SUNG KYU CONCERT [LV3 : Let's Vacay],https://image.toast.com/aaaaab/ticketlink/TKL_5/ksk_main_0626.jpg,http://image.toast.com/aaaaab/ticketlink/TKL_3/web0627-1713.jpg,잠실학생체육관,김성규,https://www.ticketlink.co.kr/product/50692,2024.08.03,2024.08.04,2024-08-04
94,이영현 & 박민혜 “MUSE BY YOU” - 제주,https://image.toast.com/aaaaab/ticketlink/TKL_8/muse_pst_0607.jpg,http://image.toast.com/aaaaab/ticketlink/TKL_3/muse_info_0607.jpg,한라아트홀 대극장,"이영현, 박민혜, 여동생",https://www.ticketlink.co.kr/product/50485,2024.08.10,2024.08.10,2024-08-10
95,트롯 3파전 콘서트 - 창원,https://image.toast.com/aaaaab/ticketlink/TKL_2/trot_pst0624.jpg,http://image.toast.com/aaaaab/ticketlink/TKL_7/trot_info0624_optimized.jpg,"창원컨벤션센터 2,3홀","양지원, 빈예서, 최수호",https://www.ticketlink.co.kr/product/50742,2024.08.11,2024.08.11,2024-08-11
96,테너 현동헌 리사이틀 - 대구,https://image.toast.com/aaaaab/ticketlink/TKL_3/main_0620.jpg,http://image.toast.com/aaaaab/ticketlink/TKL_1/info_0620.jpg,대구문화예술회관 팔공홀,현동헌,https://www.ticketlink.co.kr/product/49339,2024.08.13,2024.08.13,2024-08-13
97,2024 김창옥 토크콘서트 시즌 4 - 대전,https://image.toast.com/aaaaab/ticketlink/TKL_4/kco_0422.jpg,http://image.toast.com/aaaaab/ticketlink/TKL_8/kco_info_0422.jpg,충남대학교 정심화홀,김창옥,https://www.ticketlink.co.kr/product/49800,2024.08.17,2024.08.17,2024-08-17
98,2024 김창완밴드 전국투어 <개구쟁이> - 양산,https://image.toast.com/aaaaab/ticketlink/TKL_1/main_0614.png,http://image.toast.com/aaaaab/ticketlink/TKL_5/info_0614.jpg,양산문화예술회관 대공연장,김창완,https://www.ticketlink.co.kr/product/50611,2024.08.17,2024.08.17,2024-08-17
99,윤딴딴 투어 콘서트 [딴딴한여름 2024] : 부산,https://image.toast.com/aaaaab/ticketlink/TKL_4/main0619.jpg,http://image.toast.com/aaaaab/ticketlink/TKL_6/web0619(1).jpg,소향씨어터 신한카드홀,윤딴딴,https://www.ticketlink.co.kr/product/50652,2024.08.17,2024.08.17,2024-08-17
100,2024 김창옥 토크콘서트 시즌4 - 진주,https://image.toast.com/aaaaab/ticketlink/TKL_4/jj_main_0628.jpg,http://image.toast.com/aaaaab/ticketlink/TKL_10/jj_info1_0627.jpg,경상국립대학교 GNU컨벤션센터 대강당,김창옥,https://www.ticketlink.co.kr/product/50680,2024.08.18,2024.08.18,2024-08-18
101,Rainbow Disco Club 15 Years in Korea,https://image.toast.com/aaaaab/ticketlink/TKL_4/main0613.jpg,http://image.toast.com/aaaaab/ticketlink/TKL_8/rainbow_info_0624.jpg,양양 기사문 해수욕장 일대,,https://www.ticketlink.co.kr/product/50524,2024.08.23,2024.08.24,2024-08-24
102,2024 심수봉 전국투어 콘서트 : 꽃길 - 고양,https://image.toast.com/aaaaab/ticketlink/TKL_3/s_0530.jpg,http://image.toast.com/aaaaab/ticketlink/TKL_4/goyang_info_0603.jpg,고양아람누리 아람극장,심수봉,https://www.ticketlink.co.kr/product/50384,2024.08.24,2024.08.24,2024-08-24
103,2024 걸스온파이어 전국투어콘서트 - 수원,https://image.toast.com/aaaaab/ticketlink/TKL_10/main0612(1).jpg,http://image.toast.com/aaaaab/ticketlink/TKL_9/web0612-1441.jpg,경희대학교 국제캠퍼스 선승관,상세페이지 참고,https://www.ticketlink.co.kr/product/50578,2024.08.24,2024.08.24,2024-08-24
104,김경호 데뷔 30주년 전국투어 콘서트:THE ROCKER-부산,https://image.toast.com/aaaaab/ticketlink/TKL_7/kkh_pst_0620.jpg,http://image.toast.com/aaaaab/ticketlink/TKL_10/kkh_info0_0620.jpg,부산시민회관 대극장,김경호,https://www.ticketlink.co.kr/product/50697,2024.08.24,2024.08.24,2024-08-24
105,원더매직 하이라이트 쇼 - 안동,https://image.toast.com/aaaaab/ticketlink/TKL_1/8cul_info1_0604(1).jpg,http://image.toast.com/aaaaab/ticketlink/TKL_6/8cul_info1_0604.jpg,안동문화예술의전당 백조홀,상세정보 참고,https://www.ticketlink.co.kr/product/50226,2024.08.28,2024.08.28,2024-08-28
106,"2024 카즈미 타테이시 트리오 내한공연-지브리, 재즈를 만나다- (부산)",https://image.toast.com/aaaaab/ticketlink/TKL_10/main0620(5).jpg,http://image.toast.com/aaaaab/ticketlink/TKL_10/web0620(4).jpg,부산동래문화회관 대극장,Piano 카즈미 타테이시 Contrabass 시노부 사토 Drums 마오 스즈키,https://www.ticketlink.co.kr/product/50704,2024.08.28,2024.08.28,2024-08-28
107,[유레카극장] '내 자녀 부자만들기 프로젝트'_ 존 리,https://image.toast.com/aaaaab/ticketlink/TKL_7/main0427(2).jpg,http://image.toast.com/aaaaab/ticketlink/TKL_2/main0427(2).jpg,달서아트센터 청룡홀,존 리,https://www.ticketlink.co.kr/product/49888,2024.08.29,2024.08.29,2024-08-29
108,Summer Jazzbreak 2024,https://image.toast.com/aaaaab/ticketlink/TKL_10/main0620(6).jpg,http://image.toast.com/aaaaab/ticketlink/TKL_8/web0620(2).jpg,구로아트밸리 예술극장,"카즈미 타테이시 트리오, 요시다 케이코, 젠틀레인",https://www.ticketlink.co.kr/product/50705,2024.08.31,2024.08.31,2024-08-31
109,THE GREATEST : 불후의명곡 정동하X알리 - 이천,https://image.toast.com/aaaaab/ticketlink/TKL_8/pst_0624.jpg,http://image.toast.com/aaaaab/ticketlink/TKL_4/INFO_0624.jpg,이천아트홀 대공연장,"정동하, 알리",https://www.ticketlink.co.kr/product/50744,2024.08.31,2024.08.31,2024-08-31
110,2024 심수봉 전국투어 콘서트 : 꽃길 - 부산,https://image.toast.com/aaaaab/ticketlink/TKL_7/s_main_0613.jpg,http://image.toast.com/aaaaab/ticketlink/TKL_8/subong_info06191336a.jpg,KBS 부산홀,심수봉,https://www.ticketlink.co.kr/product/50602,2024.09.07,2024.09.07,2024-09-07
111,2024 남진 콘서트 <음악중심> - 안녕 부천,https://image.toast.com/aaaaab/ticketlink/TKL_9/405x500_0620.jpg,http://image.toast.com/aaaaab/ticketlink/TKL_10/NJ_INFO_0620.jpg,부천실내체육관,남진,https://www.ticketlink.co.kr/product/50684,2024.09.07,2024.09.07,2024-09-07
112,프레드 허쉬 솔로 피아노 2024,https://image.toast.com/aaaaab/ticketlink/TKL_1/fh_pst0621.jpg,http://image.toast.com/aaaaab/ticketlink/TKL_5/fh_web0620.jpg,마포아트센터 아트홀맥,프레드 허쉬,https://www.ticketlink.co.kr/product/50698,2024.09.07,2024.09.07,2024-09-07
113,2024 인문학과 함께하는 브런치콘서트 - 임진모,https://image.toast.com/aaaaab/ticketlink/TKL_4/main0126(3).jpg,http://image.toast.com/aaaaab/ticketlink/TKL_6/w0201.jpg,대구 아양아트센터 아양홀,임진모,https://www.ticketlink.co.kr/product/48235,2024.09.11,2024.09.11,2024-09-11
114,테스트_팬클럽_무니무니,https://image.toast.com/aaaaab/ticketlink/TKL_2/tl_image(17).png,https://i.namu.wiki/i/GFw2SMaGiqbS3yeTWO08FD5Df8LKk-xB2ckQ0MtDjdoryMCJtsDap9msW17NVgbTM4432kao4DkEGsgwhs_In0zw9vMOldvNbYoc-n1Ng4XgxBVZXNZz33WScPw6zCJY5XAVrdsAFGDx24HN_nu3oQ.webp,대학로 예술극장 소극장,,https://www.ticketlink.co.kr/product/50746,2024.09.14,2024.09.15,2024-09-15
115,2024 김창완밴드 전국투어 <개구쟁이> - 대전,https://image.toast.com/aaaaab/ticketlink/TKL_1/k_0625.JPG,http://image.toast.com/aaaaab/ticketlink/TKL_8/k_info_0625.jpg,평송청소년문화센터 평송홀(대극장),김창완,https://www.ticketlink.co.kr/product/50770,2024.09.15,2024.09.15,2024-09-15
116,2024 심수봉 전국투어 콘서트 : 꽃길 - 김해,https://image.toast.com/aaaaab/ticketlink/TKL_2/sim_0620.jpg,http://image.toast.com/aaaaab/ticketlink/TKL_6/sim_info_0620.jpg,김해문화의전당 마루홀,심수봉,https://www.ticketlink.co.kr/product/50706,2024.09.21,2024.09.21,2024-09-21
117,더 피아니스트 재즈 - 안동,https://image.toast.com/aaaaab/ticketlink/TKL_4/9cul_info1_0604.jpg,http://image.toast.com/aaaaab/ticketlink/TKL_2/9cul_info1_0604.jpg,안동문화예술의전당 백조홀,상세정보 참고,https://www.ticketlink.co.kr/product/50230,2024.09.25,2024.09.25,2024-09-25
118,"2024 정태춘,박은옥 콘서트 - 전주",https://image.toast.com/aaaaab/ticketlink/TKL_9/main0611.jpg,http://image.toast.com/aaaaab/ticketlink/TKL_9/main0611(1).jpg,전북대학교 삼성문화회관,"정태춘, 박은옥",https://www.ticketlink.co.kr/product/50562,2024.09.28,2024.09.28,2024-09-28
119,홍기쁨 아코디언의 세계일주 - 안동,https://image.toast.com/aaaaab/ticketlink/TKL_6/10_info1_0524.jpg,http://image.toast.com/aaaaab/ticketlink/TKL_10/10_info1_0524.jpg,안동문화예술의전당 백조홀,상세정보 참고,https://www.ticketlink.co.kr/product/50228,2024.10.31,2024.10.31,2024-10-31
120,2024 김창옥 토크콘서트 시즌4 - 원주,https://image.toast.com/aaaaab/ticketlink/TKL_10/kco_0418.jpg,http://image.toast.com/aaaaab/ticketlink/TKL_3/kco_info_0418.jpg,원주 백운아트홀,김창옥,https://www.ticketlink.co.kr/product/49733,2024.11.03,2024.11.03,2024-11-03
121,2024 인문학과 함께하는 브런치콘서트 - 궤도,https://image.toast.com/aaaaab/ticketlink/TKL_4/main0126(3).jpg,http://image.toast.com/aaaaab/ticketlink/TKL_5/w0201.jpg,대구 아양아트센터 아양홀,궤도,https://www.ticketlink.co.kr/product/48236,2024.12.11,2024.12.11,2024-12-11
